-- phpMyAdmin SQL Dump
-- version 4.4.15.9
-- https://www.phpmyadmin.net
--
-- Host: localhost
-- Generation Time: Jul 24, 2018 at 01:41 AM
-- Server version: 5.6.37
-- PHP Version: 5.6.31

SET SQL_MODE = "NO_AUTO_VALUE_ON_ZERO";
SET time_zone = "+00:00";


/*!40101 SET @OLD_CHARACTER_SET_CLIENT=@@CHARACTER_SET_CLIENT */;
/*!40101 SET @OLD_CHARACTER_SET_RESULTS=@@CHARACTER_SET_RESULTS */;
/*!40101 SET @OLD_COLLATION_CONNECTION=@@COLLATION_CONNECTION */;
/*!40101 SET NAMES utf8mb4 */;

--
-- Database: `project`
--

-- --------------------------------------------------------

--
-- Table structure for table `actor`
--

CREATE TABLE IF NOT EXISTS `actor` (
  `id` int(11) NOT NULL,
  `fName` varchar(20) DEFAULT NULL,
  `lName` varchar(20) DEFAULT NULL,
  `dob` datetime DEFAULT NULL,
  `countryOfOrigin` varchar(20) DEFAULT NULL
) ENGINE=InnoDB AUTO_INCREMENT=503 DEFAULT CHARSET=latin1;

--
-- Dumping data for table `actor`
--

INSERT INTO `actor` (`id`, `fName`, `lName`, `dob`, `countryOfOrigin`) VALUES
(1, 'Eric', 'Corrado', '1990-09-18 00:00:00', 'United States'),
(2, 'John', 'Bice', '1993-09-17 00:00:00', 'Russia'),
(3, 'Alyssa', 'Thornton', '1965-05-20 22:11:41', 'South Sudan'),
(4, 'Joelle', 'Paul', '1970-11-14 02:45:48', 'Congo (Brazzaville)'),
(5, 'Abigail', 'Stuart', '1963-10-07 12:39:13', 'Syria'),
(6, 'Leah', 'Sanchez', '1967-01-14 02:28:47', 'Antigua and Barbuda'),
(7, 'Adena', 'Mullen', '1973-03-18 22:39:12', 'Wallis and Futuna'),
(8, 'Jerry', 'Christensen', '1989-11-16 23:24:46', 'Vanuatu'),
(9, 'Warren', 'Stein', '1992-06-11 10:44:52', 'Mexico'),
(10, 'Kareem', 'Schultz', '1974-11-28 09:25:15', 'Dominica'),
(11, 'Giacomo', 'Kaufman', '1969-11-22 11:31:11', 'Ukraine'),
(12, 'Ramona', 'Webb', '1979-11-04 18:52:21', 'Tuvalu'),
(13, 'Ria', 'Larsen', '1991-07-19 03:10:35', 'Afghanistan'),
(14, 'Zeus', 'Cooper', '1969-11-04 02:16:44', 'Central African Repu'),
(15, 'Benjamin', 'Goodman', '1971-05-12 04:52:16', 'Antarctica'),
(16, 'Leo', 'Sharp', '1960-04-12 00:25:31', 'Yemen'),
(17, 'Olga', 'Velazquez', '1998-01-14 19:48:04', 'Slovakia'),
(18, 'Joseph', 'Rodriquez', '1969-05-11 23:56:56', 'Thailand'),
(19, 'Lucius', 'Guthrie', '1985-07-20 14:26:54', 'Reunion'),
(20, 'Donovan', 'Stone', '1996-11-20 20:16:37', 'Northern Mariana Isl'),
(21, 'Kennan', 'Compton', '1984-07-03 20:08:14', 'Iran'),
(22, 'Yolanda', 'Carlson', '1972-07-16 05:24:00', 'Estonia'),
(23, 'Lawrence', 'Larsen', '1973-09-06 08:43:57', 'Austria'),
(24, 'Audrey', 'Head', '1990-04-13 00:08:39', 'Slovenia'),
(25, 'Leila', 'Freeman', '1997-01-04 23:31:39', 'Taiwan'),
(26, 'Veronica', 'Pruitt', '1969-11-30 20:25:00', 'Ukraine'),
(27, 'Audra', 'Solomon', '1965-01-09 04:39:47', 'Ecuador'),
(28, 'Mohammad', 'George', '1951-02-06 22:06:54', 'Timor-Leste'),
(29, 'Brenden', 'Snider', '1985-06-03 10:26:29', 'Bahamas'),
(30, 'Chanda', 'Merritt', '1972-05-09 06:59:48', 'Algeria'),
(31, 'Carlos', 'Rowe', '1985-08-03 13:07:06', 'Korea, North'),
(32, 'Carlos', 'Conner', '1977-08-23 22:29:05', 'Virgin Islands, Unit'),
(33, 'Bruno', 'Green', '1989-05-01 10:36:46', 'Svalbard and Jan May'),
(34, 'Dylan', 'Bauer', '1970-07-05 05:40:41', 'Kazakhstan'),
(35, 'Nayda', 'Townsend', '1989-05-02 00:19:28', 'Mauritania'),
(36, 'Caldwell', 'Willis', '1995-04-23 21:41:23', 'Brazil'),
(37, 'Ivy', 'Hutchinson', '1977-11-17 07:12:06', 'Honduras'),
(38, 'Aristotle', 'Hanson', '1988-04-27 17:46:39', 'Sri Lanka'),
(39, 'Xyla', 'Sandoval', '1978-09-23 15:02:17', 'Faroe Islands'),
(40, 'Daquan', 'Bass', '1977-01-06 03:09:08', 'Mali'),
(41, 'Lillian', 'York', '1952-05-30 04:28:00', 'Yemen'),
(42, 'Herman', 'Mitchell', '1988-06-06 08:15:46', 'Indonesia'),
(43, 'Damian', 'Bates', '1950-09-22 21:26:26', 'Maldives'),
(44, 'Pandora', 'Benton', '1976-03-01 10:02:20', 'Northern Mariana Isl'),
(45, 'Neville', 'Hayes', '1973-08-19 16:17:07', 'Guinea-Bissau'),
(46, 'Patricia', 'Mcgee', '1979-02-24 00:35:31', 'Nauru'),
(47, 'Simon', 'Briggs', '1986-05-18 05:07:26', 'Mayotte'),
(48, 'Brynne', 'Rhodes', '1960-09-20 10:29:01', 'Nigeria'),
(49, 'Keelie', 'Terry', '1967-03-24 22:30:42', 'Estonia'),
(50, 'Channing', 'Dillon', '1965-05-12 00:55:15', 'Japan'),
(51, 'Craig', 'Mccoy', '1982-11-29 05:15:38', 'Kazakhstan'),
(52, 'Harlan', 'Barber', '1958-02-25 07:40:03', 'Cocos (Keeling) Isla'),
(53, 'Rhonda', 'Woodward', '1950-07-18 06:46:24', 'Ukraine'),
(54, 'Clayton', 'Bishop', '1987-04-04 23:37:00', 'Tuvalu'),
(55, 'Indigo', 'Padilla', '1978-07-27 20:31:19', 'Greenland'),
(56, 'Colton', 'Melendez', '1979-11-17 15:12:27', 'Morocco'),
(57, 'Jada', 'Shepherd', '1997-07-01 14:22:36', 'Finland'),
(58, 'August', 'Webster', '1951-01-15 19:52:03', 'China'),
(59, 'Tiger', 'Dillon', '1999-03-14 08:07:29', 'Vanuatu'),
(60, 'Vaughan', 'Valdez', '1997-07-15 21:53:46', 'Luxembourg'),
(61, 'Rogan', 'Gilbert', '1991-11-13 13:19:23', 'Czech Republic'),
(62, 'Julie', 'Hinton', '1983-02-12 02:31:20', 'Saint Vincent and Th'),
(63, 'Elizabeth', 'Walton', '1954-04-25 05:12:41', 'Kyrgyzstan'),
(64, 'Brenna', 'Potts', '1958-01-28 07:28:44', 'Portugal'),
(65, 'Aileen', 'Harrington', '1981-06-03 06:08:34', 'Tonga'),
(66, 'Virginia', 'Conner', '1972-12-17 15:36:30', 'Saint Vincent and Th'),
(67, 'Yardley', 'Gillespie', '1953-12-18 02:10:26', 'Haiti'),
(68, 'Angelica', 'Meyer', '1967-10-11 07:22:55', 'Czech Republic'),
(69, 'Rylee', 'Goodwin', '2000-03-17 12:14:31', 'Tuvalu'),
(70, 'Keegan', 'Howe', '1960-12-31 09:59:54', 'Australia'),
(71, 'Simone', 'Nielsen', '1997-04-25 12:02:18', 'Malta'),
(72, 'Kareem', 'Owens', '1990-05-18 13:52:59', 'Angola'),
(73, 'Chancellor', 'Burton', '1972-12-13 13:05:58', 'Bolivia'),
(74, 'Kadeem', 'Blackwell', '1992-07-22 19:31:08', 'Pakistan'),
(75, 'Wayne', 'Buckley', '1963-05-07 05:35:40', 'Saint Helena, Ascens'),
(76, 'Lysandra', 'Abbott', '1983-10-09 20:11:00', 'Benin'),
(77, 'Hadassah', 'Flynn', '1999-05-21 15:48:20', 'Central African Repu'),
(78, 'Micah', 'Marsh', '1984-12-01 16:17:30', 'Bangladesh'),
(79, 'Francis', 'Newton', '1995-01-19 17:49:18', 'Myanmar'),
(80, 'Yvette', 'Keller', '1955-11-17 23:24:19', 'Indonesia'),
(81, 'Basil', 'Brennan', '1957-12-17 16:52:31', 'Antigua and Barbuda'),
(82, 'Reed', 'Mercer', '1972-06-09 02:48:15', 'Ukraine'),
(83, 'Leandra', 'Carver', '1974-02-15 21:58:13', 'Denmark'),
(84, 'Nasim', 'Parks', '1972-03-01 15:59:04', 'Libya'),
(85, 'Ferris', 'Garrett', '1964-12-06 15:41:41', 'Lithuania'),
(86, 'Shana', 'Cantrell', '1980-08-16 03:14:29', 'Belarus'),
(87, 'Carlos', 'Lindsay', '1958-09-29 10:35:44', 'Saint Helena, Ascens'),
(88, 'Cain', 'Rosario', '1966-04-29 15:44:23', 'Virgin Islands, Unit'),
(89, 'Signe', 'Cortez', '1987-05-26 11:47:43', 'Lebanon'),
(90, 'Angela', 'Swanson', '1970-08-02 13:24:00', 'Tokelau'),
(91, 'Abigail', 'Bridges', '1959-05-24 00:25:22', 'Oman'),
(92, 'Reuben', 'Hart', '1988-11-19 14:13:08', 'Heard Island and Mcd'),
(93, 'Yuri', 'Gomez', '1967-09-13 17:05:47', 'Azerbaijan'),
(94, 'Cathleen', 'Mccall', '1965-09-22 04:56:37', 'Equatorial Guinea'),
(95, 'Ross', 'Fuentes', '1994-10-29 12:55:09', 'Guatemala'),
(96, 'Kirestin', 'Shaffer', '1978-01-03 19:32:13', 'El Salvador'),
(97, 'Wayne', 'Perry', '1957-06-20 14:12:39', 'Liberia'),
(98, 'Brynne', 'Sykes', '1996-08-07 09:27:22', 'Norway'),
(99, 'Germane', 'Holder', '1963-07-24 08:07:12', 'Mongolia'),
(100, 'Jillian', 'Moses', '1963-07-01 03:18:46', 'United Kingdom (Grea'),
(101, 'Pearl', 'Martinez', '1981-01-24 19:01:38', 'Palestine, State of'),
(102, 'Dawn', 'Gibson', '1991-01-10 16:51:09', 'Philippines'),
(103, 'Jolie', 'Herring', '1988-10-28 22:00:55', 'France'),
(104, 'Daquan', 'Martin', '1988-11-01 12:54:54', 'Panama'),
(105, 'Leigh', 'Bradford', '1960-04-20 21:31:13', 'Burundi'),
(106, 'Illiana', 'Armstrong', '1995-05-20 01:54:55', 'Oman'),
(107, 'Chester', 'Mullins', '1975-06-16 07:37:53', 'Greece'),
(108, 'Leah', 'Cervantes', '1974-03-17 15:33:03', 'French Polynesia'),
(109, 'Burton', 'Morales', '1986-07-29 12:05:38', 'Åland Islands'),
(110, 'Jasper', 'Macias', '1958-10-22 19:44:54', 'Solomon Islands'),
(111, 'Macy', 'Conway', '1993-08-29 23:08:36', 'Ethiopia'),
(112, 'Howard', 'Hahn', '1985-02-21 16:22:37', 'Jersey'),
(113, 'Amaya', 'Hester', '1971-03-31 21:46:00', 'Afghanistan'),
(114, 'Blaine', 'Fulton', '1973-10-12 03:59:56', 'Kuwait'),
(115, 'Sade', 'William', '1985-01-24 16:01:38', 'Colombia'),
(116, 'Ima', 'Montgomery', '1995-05-30 23:55:19', 'Jersey'),
(117, 'Cedric', 'Lyons', '1976-11-28 22:38:24', 'Bahamas'),
(118, 'Buffy', 'Beach', '1990-06-11 01:22:06', 'French Southern Terr'),
(119, 'Indira', 'Little', '1981-01-05 17:17:27', 'China'),
(120, 'Kimberly', 'Cameron', '1992-10-03 01:37:03', 'United Arab Emirates'),
(121, 'Carter', 'Nielsen', '1991-07-30 06:27:54', 'Chile'),
(122, 'Alec', 'Stephens', '1969-09-04 08:52:27', 'Burkina Faso'),
(123, 'Yeo', 'Crosby', '1955-09-13 04:30:31', 'Saint Pierre and Miq'),
(124, 'Mark', 'Patel', '1955-06-10 10:40:46', 'Virgin Islands, Unit'),
(125, 'Melissa', 'Garcia', '1996-05-24 03:47:30', 'Malaysia'),
(126, 'Chase', 'Cochran', '1989-02-28 21:59:29', 'Guam'),
(127, 'Beverly', 'Johns', '1993-03-09 02:03:17', 'Anguilla'),
(128, 'Serena', 'Castro', '1966-01-16 22:50:45', 'Saint Helena, Ascens'),
(129, 'Blair', 'Harmon', '1990-11-22 03:06:45', 'Costa Rica'),
(130, 'Colin', 'Jackson', '1987-06-25 05:22:03', 'Bosnia and Herzegovi'),
(131, 'Kiayada', 'Potter', '1989-08-07 17:53:12', 'Tanzania'),
(132, 'Haley', 'Russell', '1952-02-08 02:10:20', 'Pitcairn Islands'),
(133, 'Lance', 'Bray', '1969-03-31 18:33:23', 'Sudan'),
(134, 'Isaiah', 'Price', '1969-06-16 17:07:50', 'Aruba'),
(135, 'Chase', 'Estrada', '1985-12-19 03:36:21', 'Greenland'),
(136, 'Laith', 'Washington', '1976-07-17 01:56:07', 'Lesotho'),
(137, 'Ifeoma', 'Moss', '1960-05-28 07:48:32', 'Senegal'),
(138, 'Boris', 'Greene', '1964-11-28 19:23:21', 'United Kingdom (Grea'),
(139, 'Lila', 'Cameron', '1963-01-05 20:28:59', 'Chad'),
(140, 'Damian', 'Hewitt', '1977-09-22 15:10:03', 'Comoros'),
(141, 'Zahir', 'Pickett', '1976-04-09 11:34:32', 'India'),
(142, 'Tanisha', 'Weeks', '1997-02-03 03:53:39', 'Bouvet Island'),
(143, 'Odysseus', 'Daniels', '1956-09-06 00:13:13', 'Spain'),
(144, 'Vera', 'Avila', '1965-08-30 05:56:56', 'Serbia'),
(145, 'Seth', 'Pierce', '1978-05-12 22:43:25', 'French Southern Terr'),
(146, 'Lani', 'Peck', '1995-04-16 17:35:31', 'Kyrgyzstan'),
(147, 'Kirsten', 'Emerson', '1976-06-24 21:56:09', 'Cape Verde'),
(148, 'Conan', 'Richmond', '1973-06-03 14:37:48', 'Brazil'),
(149, 'Dylan', 'Goff', '1995-10-07 00:05:25', 'Guam'),
(150, 'Christine', 'Albert', '1978-11-23 11:33:37', 'Poland'),
(151, 'Tasha', 'Landry', '1970-03-26 15:04:33', 'Argentina'),
(152, 'Yael', 'Dotson', '1994-01-27 09:25:29', 'Chile'),
(153, 'Fletcher', 'Ross', '1956-08-18 03:33:55', 'Monaco'),
(154, 'Jayme', 'Cardenas', '1980-03-29 22:32:13', 'Taiwan'),
(155, 'Curran', 'Barker', '1968-07-13 03:50:30', 'Norway'),
(156, 'Scarlet', 'Evans', '1988-07-20 07:14:58', 'United States Minor '),
(157, 'Zenaida', 'Pitts', '1952-05-19 13:34:12', 'Côte D''Ivoire (Ivory'),
(158, 'Patience', 'Moreno', '1964-03-29 09:04:05', 'Myanmar'),
(159, 'Kirsten', 'Duncan', '1983-01-10 21:55:24', 'New Zealand'),
(160, 'Mason', 'Robbins', '1997-06-01 18:42:29', 'Venezuela'),
(161, 'Shelly', 'Clemons', '1972-03-08 15:43:01', 'Nepal'),
(162, 'Alan', 'Rios', '1951-04-05 17:48:09', 'Bangladesh'),
(163, 'Brynne', 'Sampson', '1969-01-24 20:42:01', 'Eritrea'),
(164, 'Emma', 'Mclean', '1964-11-12 01:55:39', 'Japan'),
(165, 'Maris', 'Nunez', '1951-10-04 16:35:44', 'Korea, South'),
(166, 'Price', 'Stevens', '1985-07-16 17:10:51', 'Denmark'),
(167, 'Colin', 'Gutierrez', '1988-12-05 21:31:07', 'Guadeloupe'),
(168, 'Chadwick', 'Freeman', '1978-08-31 01:43:26', 'Congo, the Democrati'),
(169, 'Meredith', 'Holt', '1984-07-30 18:01:21', 'Chile'),
(170, 'Victoria', 'Church', '1976-08-22 19:20:32', 'Micronesia'),
(171, 'Summer', 'Horton', '1956-11-29 03:29:33', 'Côte D''Ivoire (Ivory'),
(172, 'Emerson', 'Dale', '1997-07-01 14:30:39', 'Chile'),
(173, 'Steel', 'James', '1955-07-30 20:32:08', 'Solomon Islands'),
(174, 'Savannah', 'Harmon', '1973-09-08 17:20:54', 'Grenada'),
(175, 'Jaquelyn', 'Leach', '1961-11-26 10:44:07', 'Dominica'),
(176, 'Melanie', 'Hunter', '1994-07-11 01:01:53', 'Virgin Islands, Brit'),
(177, 'Isabelle', 'Henry', '1958-02-26 18:21:24', 'Zimbabwe'),
(178, 'Tara', 'Hoffman', '1954-09-30 07:26:24', 'Switzerland'),
(179, 'Lawrence', 'Shepherd', '1976-09-27 07:15:20', 'Cook Islands'),
(180, 'Karleigh', 'Alston', '1950-11-07 19:59:41', 'Togo'),
(181, 'Tasha', 'Buckley', '1959-07-14 01:37:59', 'Algeria'),
(182, 'Indigo', 'Boyle', '1997-08-16 01:21:12', 'Virgin Islands, Brit'),
(183, 'Flavia', 'Reeves', '1987-12-15 04:55:28', 'Korea, North'),
(184, 'Rahim', 'Moody', '1991-08-12 06:32:00', 'United Kingdom (Grea'),
(185, 'Felicia', 'Meyer', '1962-10-09 17:57:00', 'Puerto Rico'),
(186, 'Molly', 'Delaney', '1971-04-27 04:20:29', 'Cyprus'),
(187, 'Nash', 'Obrien', '1958-08-25 18:06:49', 'Cayman Islands'),
(188, 'Iona', 'Waters', '1964-08-30 00:10:06', 'Zimbabwe'),
(189, 'Lani', 'Calderon', '1958-05-04 07:47:07', 'Mauritania'),
(190, 'Michelle', 'Hodges', '1979-07-01 16:04:51', 'Åland Islands'),
(191, 'Mark', 'Pratt', '1982-07-28 13:05:19', 'Saint Pierre and Miq'),
(192, 'Timothy', 'James', '1964-09-14 02:04:02', 'British Indian Ocean'),
(193, 'Fulton', 'Hays', '1984-03-22 03:27:18', 'Bolivia'),
(194, 'Ezekiel', 'Hendrix', '1958-10-04 21:08:05', 'Bolivia'),
(195, 'Jemima', 'Franco', '1952-12-04 13:54:15', 'El Salvador'),
(196, 'Juliet', 'Suarez', '1994-07-01 02:52:42', 'Saint Martin'),
(197, 'Marny', 'Ewing', '1970-01-27 14:25:22', 'Guernsey'),
(198, 'Owen', 'Barrera', '1985-04-30 20:47:14', 'Georgia'),
(199, 'Callie', 'Langley', '1961-11-01 18:31:26', 'Saint Martin'),
(200, 'Ora', 'Logan', '1960-08-12 15:35:45', 'Afghanistan'),
(201, 'Sydnee', 'Clayton', '1968-01-19 14:28:34', 'Andorra'),
(202, 'Zeph', 'Sargent', '1957-08-24 04:24:49', 'Djibouti'),
(203, 'Velma', 'Stewart', '1967-04-14 07:52:36', 'United States'),
(204, 'Cathleen', 'Riggs', '1997-09-14 03:21:21', 'Congo (Brazzaville)'),
(205, 'Damian', 'Gentry', '1964-01-11 10:29:48', 'Spain'),
(206, 'Timon', 'Albert', '1991-06-30 12:13:38', 'Antarctica'),
(207, 'Kirk', 'Jennings', '1991-02-03 04:58:41', 'Christmas Island'),
(208, 'Kellie', 'Rocha', '1971-08-29 14:36:01', 'Cocos (Keeling) Isla'),
(209, 'Macy', 'Briggs', '1961-10-24 05:12:31', 'Ethiopia'),
(210, 'Jakeem', 'Dudley', '1991-05-17 05:22:11', 'Georgia'),
(211, 'Nina', 'Petty', '1957-04-15 18:15:08', 'Bhutan'),
(212, 'Lilah', 'Pratt', '1968-05-13 06:59:17', 'Morocco'),
(213, 'Nash', 'Floyd', '1971-06-14 11:44:29', 'Bosnia and Herzegovi'),
(214, 'Norman', 'Harris', '1967-09-18 11:18:38', 'French Guiana'),
(215, 'Cameran', 'Martinez', '1988-05-18 15:53:01', 'Cuba'),
(216, 'David', 'Brock', '1955-03-21 12:13:29', 'Mayotte'),
(217, 'Fredericka', 'Stephens', '1953-02-15 14:46:04', 'Malawi'),
(218, 'Keefe', 'Dillon', '1996-11-19 09:39:29', 'Netherlands'),
(219, 'Odysseus', 'Mcknight', '1974-09-14 15:29:33', 'San Marino'),
(220, 'Paki', 'Flowers', '1952-02-14 18:26:30', 'Sao Tome and Princip'),
(221, 'Vanna', 'Foley', '1965-09-13 14:59:57', 'Switzerland'),
(222, 'Kasimir', 'Santana', '1988-06-14 11:22:35', 'Korea, South'),
(223, 'Hayes', 'Savage', '1993-08-18 01:16:11', 'Belize'),
(224, 'Keiko', 'Brown', '1952-04-07 22:58:57', 'Estonia'),
(225, 'Breanna', 'Spencer', '1977-10-12 03:37:58', 'Wallis and Futuna'),
(226, 'Lucius', 'Mcfarland', '1975-12-14 17:17:11', 'Guam'),
(227, 'Brenna', 'Gibson', '1987-08-08 10:02:35', 'Korea, South'),
(228, 'Jana', 'Dale', '1976-04-18 16:28:37', 'Algeria'),
(229, 'Xerxes', 'Franklin', '1991-04-25 14:38:25', 'Seychelles'),
(230, 'Darryl', 'Marks', '1950-12-21 16:47:51', 'Croatia'),
(231, 'Dalton', 'Conway', '1967-06-24 08:16:43', 'Venezuela'),
(232, 'Margaret', 'Savage', '1976-12-04 23:26:05', 'Ethiopia'),
(233, 'Zachary', 'Hammond', '1984-10-23 00:33:33', 'Mexico'),
(234, 'Stacy', 'Vasquez', '1998-06-20 05:29:19', 'Argentina'),
(235, 'Micah', 'Hahn', '1972-05-21 01:27:04', 'Kiribati'),
(236, 'Davis', 'Chapman', '1993-05-06 18:17:41', 'Anguilla'),
(237, 'Darrel', 'Levy', '1971-04-15 00:13:32', 'Turkmenistan'),
(238, 'Finn', 'Hansen', '1993-05-19 09:43:20', 'Niue'),
(239, 'Charlotte', 'Huff', '1978-06-20 05:37:52', 'Ukraine'),
(240, 'Beau', 'Adams', '1963-03-21 09:41:12', 'Bosnia and Herzegovi'),
(241, 'Cullen', 'Lester', '1987-03-09 12:20:52', 'Botswana'),
(242, 'Jameson', 'Ray', '1990-04-28 14:53:02', 'Georgia'),
(243, 'Odessa', 'Hendricks', '1954-06-19 02:53:08', 'Kyrgyzstan'),
(244, 'Ariel', 'Ellison', '1958-08-25 22:27:31', 'Guinea-Bissau'),
(245, 'Daquan', 'Stephenson', '1989-03-28 17:20:54', 'France'),
(246, 'Lydia', 'Vinson', '1985-05-29 02:03:25', 'Guadeloupe'),
(247, 'Benedict', 'Colon', '1979-09-04 21:55:13', 'Egypt'),
(248, 'Wynter', 'Sharp', '1999-07-31 11:18:33', 'Turkey'),
(249, 'Imogene', 'Gillespie', '1961-10-24 17:43:44', 'Chad'),
(250, 'Caesar', 'Glass', '1990-09-02 17:04:54', 'Cuba'),
(251, 'Blossom', 'Guthrie', '1993-04-19 12:13:12', 'Eritrea'),
(252, 'Hayfa', 'Reilly', '1968-04-08 08:59:11', 'Bulgaria'),
(253, 'Branden', 'Meyers', '1975-05-07 22:32:08', 'Cook Islands'),
(254, 'Rinah', 'Mueller', '1998-09-18 03:07:52', 'Cook Islands'),
(255, 'Hillary', 'Tyler', '1958-12-01 12:23:32', 'Thailand'),
(256, 'Mari', 'Campos', '1951-09-05 18:47:21', 'South Sudan'),
(257, 'Frances', 'Mueller', '1965-05-06 06:22:24', 'Malaysia'),
(258, 'Joshua', 'Erickson', '1973-05-05 05:05:30', 'Montenegro'),
(259, 'Neville', 'Garrett', '1983-08-15 22:14:53', 'Afghanistan'),
(260, 'Willow', 'Delaney', '1990-01-22 16:03:02', 'Côte D''Ivoire (Ivory'),
(261, 'Juliet', 'Wilder', '1983-05-07 18:45:10', 'Ethiopia'),
(262, 'Candice', 'Joseph', '1959-05-08 20:55:31', 'Bouvet Island'),
(263, 'Tasha', 'Meadows', '1956-05-14 13:27:21', 'Peru'),
(264, 'Charissa', 'Mann', '1962-03-27 19:15:25', 'Nauru'),
(265, 'Keely', 'Bishop', '1985-03-13 18:23:34', 'French Polynesia'),
(266, 'Oren', 'Nixon', '1958-10-05 10:41:34', 'Romania'),
(267, 'Joan', 'Dejesus', '1957-02-12 05:14:08', 'Bangladesh'),
(268, 'Lance', 'Morin', '1969-09-19 11:05:58', 'Malta'),
(269, 'Fay', 'Bradford', '1958-03-07 11:58:19', 'France'),
(270, 'Whilemina', 'Humphrey', '1954-09-29 10:58:05', 'Libya'),
(271, 'Wilma', 'Macias', '1982-10-09 00:48:01', 'Anguilla'),
(272, 'Asher', 'Harrison', '1958-12-20 12:32:41', 'Suriname'),
(273, 'Brynne', 'Stokes', '1975-06-09 22:32:14', 'Cambodia'),
(274, 'Raymond', 'Booth', '1990-01-20 07:44:45', 'France'),
(275, 'Stone', 'Phillips', '2000-04-04 03:06:07', 'Bolivia'),
(276, 'Yuri', 'Madden', '1965-09-19 13:45:06', 'Nepal'),
(277, 'Quemby', 'Mccall', '1987-12-07 16:26:25', 'Bonaire, Sint Eustat'),
(278, 'Omar', 'Callahan', '1979-01-15 15:45:48', 'Latvia'),
(279, 'Hadassah', 'Coleman', '1995-03-04 10:55:43', 'Philippines'),
(280, 'Jaden', 'Joyce', '1968-10-29 09:59:48', 'Sao Tome and Princip'),
(281, 'Britanni', 'Bradford', '1990-02-17 09:29:07', 'Austria'),
(282, 'Tyrone', 'Albert', '1992-09-23 02:03:17', 'Russian Federation'),
(283, 'Nichole', 'Chase', '1999-03-24 16:11:58', 'Israel'),
(284, 'Brandon', 'Compton', '1981-06-19 19:25:00', 'Greece'),
(285, 'Cole', 'Watson', '1966-01-18 23:50:29', 'China'),
(286, 'Julie', 'Sharpe', '1956-08-11 14:37:22', 'Cocos (Keeling) Isla'),
(287, 'Giacomo', 'Allen', '1951-08-10 17:11:32', 'Monaco'),
(288, 'Rylee', 'Simmons', '1952-08-29 00:42:39', 'United States Minor '),
(289, 'Chandler', 'Stephens', '1978-07-04 16:05:30', 'Curaçao'),
(290, 'Meredith', 'Schneider', '1967-06-15 03:49:13', 'Dominican Republic'),
(291, 'Chaim', 'Roach', '1954-02-04 07:45:48', 'Bonaire, Sint Eustat'),
(292, 'Callie', 'Massey', '1972-09-18 22:59:01', 'Montenegro'),
(293, 'Tashya', 'Glover', '1981-06-08 04:20:39', 'Thailand'),
(294, 'Eugenia', 'Williamson', '1955-09-22 08:32:46', 'Argentina'),
(295, 'Jocelyn', 'Boyd', '1953-07-06 21:46:10', 'Svalbard and Jan May'),
(296, 'Felicia', 'Deleon', '1956-01-23 16:53:06', 'Egypt'),
(297, 'Macon', 'Hansen', '1963-11-22 17:40:35', 'Israel'),
(298, 'Basia', 'Cooper', '1951-11-24 06:19:40', 'Netherlands'),
(299, 'Melinda', 'Woods', '1969-11-24 11:11:36', 'Antarctica'),
(300, 'Jamalia', 'Johnson', '1966-02-13 21:38:44', 'Bonaire, Sint Eustat'),
(301, 'Chava', 'Randall', '1990-10-01 20:05:46', 'Hong Kong'),
(302, 'Shannon', 'Delaney', '1995-09-13 02:32:57', 'Zambia'),
(303, 'Jessamine', 'Lester', '1976-10-29 16:17:31', 'Viet Nam'),
(304, 'Wayne', 'Munoz', '1984-06-22 21:47:13', 'Italy'),
(305, 'Evangeline', 'Robles', '1991-09-09 03:38:14', 'Liberia'),
(306, 'Phillip', 'Woodard', '1961-08-01 17:19:24', 'Latvia'),
(307, 'Duncan', 'Hood', '1957-01-25 05:53:57', 'Brazil'),
(308, 'Quinn', 'Slater', '1964-11-28 06:25:30', 'Mongolia'),
(309, 'Thomas', 'Rowland', '1963-05-31 15:26:08', 'Lesotho'),
(310, 'Vladimir', 'Walters', '1974-02-18 05:53:33', 'Heard Island and Mcd'),
(311, 'Elijah', 'Sloan', '1964-09-03 08:47:36', 'Korea, North'),
(312, 'Hillary', 'Graves', '1955-07-08 09:03:35', 'Puerto Rico'),
(313, 'Nomlanga', 'Rollins', '1969-07-01 05:33:40', 'Burundi'),
(314, 'Rachel', 'Rodgers', '1964-01-31 19:27:22', 'Australia'),
(315, 'Cynthia', 'Stafford', '1963-08-27 06:03:47', 'Gambia'),
(316, 'Kellie', 'Jenkins', '1998-11-25 04:01:27', 'Holy See (Vatican Ci'),
(317, 'Kelly', 'Herring', '1981-08-05 14:08:30', 'Grenada'),
(318, 'Connor', 'Mathis', '1991-04-28 05:07:05', 'Mauritius'),
(319, 'Casey', 'Sparks', '1992-08-07 19:34:38', 'Armenia'),
(320, 'Baxter', 'Holden', '1951-10-31 20:47:30', 'Puerto Rico'),
(321, 'Geraldine', 'Conner', '1980-10-29 03:13:32', 'Tanzania'),
(322, 'Fiona', 'Griffin', '1951-04-20 08:11:01', 'Comoros'),
(323, 'Otto', 'Guerrero', '1963-04-08 16:13:56', 'Bangladesh'),
(324, 'Selma', 'Weiss', '1966-04-24 17:38:53', 'Burkina Faso'),
(325, 'Bradley', 'Goff', '1969-10-16 05:44:44', 'Uruguay'),
(326, 'Kato', 'Garrett', '1997-12-16 12:50:58', 'Cuba'),
(327, 'Brent', 'Zamora', '1964-06-27 02:37:22', 'Uganda'),
(328, 'Brandon', 'Hayden', '1968-04-07 13:34:16', 'Taiwan'),
(329, 'Jennifer', 'Perkins', '1966-12-08 08:06:53', 'Bhutan'),
(330, 'Amanda', 'Curtis', '1991-02-13 00:18:20', 'Uganda'),
(331, 'Giacomo', 'Gilbert', '1957-11-16 21:09:09', 'Reunion'),
(332, 'Bert', 'Scott', '1974-12-27 07:04:37', 'South Africa'),
(333, 'Orlando', 'Hayes', '1972-02-05 21:35:56', 'Kazakhstan'),
(334, 'Hu', 'Rivers', '1951-05-06 01:41:15', 'Gabon'),
(335, 'Fallon', 'Johnson', '1988-12-14 10:57:41', 'Chile'),
(336, 'Susan', 'Avery', '1967-10-01 14:23:15', 'Serbia'),
(337, 'David', 'Phillips', '1960-12-24 01:53:40', 'Belgium'),
(338, 'Piper', 'Butler', '1975-03-16 06:19:01', 'Cape Verde'),
(339, 'Shad', 'Owen', '1972-10-27 00:39:02', 'Kenya'),
(340, 'Barbara', 'Parks', '1982-01-17 08:53:16', 'Djibouti'),
(341, 'Xenos', 'Owen', '1970-05-22 03:21:06', 'Canada'),
(342, 'Roth', 'Gibbs', '1967-07-15 23:36:36', 'Thailand'),
(343, 'Chava', 'Fischer', '1962-10-14 02:30:39', 'Sri Lanka'),
(344, 'Ronan', 'Glass', '1980-06-23 10:54:56', 'Faroe Islands'),
(345, 'Hope', 'Ewing', '1987-11-08 21:45:35', 'Hong Kong'),
(346, 'Tate', 'Franks', '1991-02-06 10:09:42', 'Malta'),
(347, 'Jasper', 'Keller', '1960-07-15 03:53:38', 'Philippines'),
(348, 'August', 'Parsons', '1964-02-06 23:27:43', 'Sierra Leone'),
(349, 'Tarik', 'Weiss', '1962-02-16 01:16:32', 'Uruguay'),
(350, 'Suki', 'Raymond', '1959-05-08 02:23:06', 'San Marino'),
(351, 'Naomi', 'Day', '1989-06-14 08:03:47', 'Macao'),
(352, 'Samson', 'Ellis', '1951-11-02 00:46:07', 'Saint Martin'),
(353, 'May', 'Fischer', '1988-08-23 23:26:10', 'British Indian Ocean'),
(354, 'Gregory', 'Glass', '1997-10-01 22:15:37', 'Belgium'),
(355, 'Macon', 'Kline', '1998-03-19 07:02:09', 'Kiribati'),
(356, 'Allegra', 'Hernandez', '1975-05-02 23:02:39', 'Poland'),
(357, 'Farrah', 'Ortiz', '1963-01-13 00:31:38', 'Isle of Man'),
(358, 'Addison', 'Barber', '1997-06-19 23:56:36', 'Gabon'),
(359, 'Maris', 'Wallace', '1971-01-01 12:59:46', 'Kyrgyzstan'),
(360, 'Camille', 'Tanner', '1955-12-27 10:13:54', 'Brazil'),
(361, 'Althea', 'Ferrell', '1998-04-27 02:44:53', 'Italy'),
(362, 'Iona', 'Garcia', '1989-02-12 04:23:04', 'Finland'),
(363, 'Geraldine', 'Lawrence', '1963-11-08 05:28:48', 'Namibia'),
(364, 'Hunter', 'Nolan', '1967-03-18 06:40:06', 'Lesotho'),
(365, 'Uriah', 'Mcconnell', '1999-11-03 22:28:50', 'Malta'),
(366, 'Hiram', 'Oconnor', '1996-02-21 16:41:01', 'Pakistan'),
(367, 'Montana', 'Galloway', '1979-04-22 18:57:33', 'Honduras'),
(368, 'Brennan', 'Fulton', '1958-11-04 16:24:22', 'Guadeloupe'),
(369, 'Keiko', 'Huber', '1976-08-12 00:08:21', 'Peru'),
(370, 'Mollie', 'Woodward', '1974-11-04 12:00:56', 'Svalbard and Jan May'),
(371, 'Hakeem', 'Briggs', '1958-02-12 00:59:41', 'Slovenia'),
(372, 'Sasha', 'Greer', '1982-08-02 21:05:24', 'Niue'),
(373, 'Maxwell', 'Pruitt', '1976-05-12 21:09:12', 'Austria'),
(374, 'Kalia', 'Love', '1966-01-06 15:12:38', 'Japan'),
(375, 'Haviva', 'Weber', '1995-10-26 11:11:18', 'Falkland Islands'),
(376, 'Kadeem', 'Patel', '1976-05-20 12:01:37', 'Malaysia'),
(377, 'Anthony', 'Witt', '1960-11-25 23:18:29', 'Jordan'),
(378, 'William', 'Webster', '1980-02-19 09:26:32', 'Bonaire, Sint Eustat'),
(379, 'Eagan', 'Rivera', '1985-02-15 20:10:22', 'Israel'),
(380, 'Amity', 'Winters', '1985-01-28 04:06:16', 'Virgin Islands, Brit'),
(381, 'Natalie', 'Shaffer', '1962-12-14 01:04:23', 'Bhutan'),
(382, 'Ulysses', 'Brooks', '1983-06-30 09:34:37', 'Zimbabwe'),
(383, 'Winifred', 'Mcneil', '1975-01-28 19:46:49', 'Anguilla'),
(384, 'Lillian', 'Best', '1994-04-11 22:17:42', 'Laos'),
(385, 'Upton', 'Cervantes', '1982-05-27 07:04:03', 'Costa Rica'),
(386, 'Rae', 'Decker', '1982-03-12 17:33:38', 'Malaysia'),
(387, 'Zena', 'Holland', '1972-10-27 21:28:20', 'Dominican Republic'),
(388, 'Lynn', 'Sweet', '1960-06-18 13:10:10', 'Belize'),
(389, 'Olivia', 'Harvey', '1996-06-23 21:18:55', 'Sint Maarten'),
(390, 'Kevin', 'Ferrell', '1965-09-09 11:08:45', 'Bonaire, Sint Eustat'),
(391, 'Mollie', 'Blevins', '1952-06-06 15:36:31', 'Saudi Arabia'),
(392, 'Stephen', 'Poole', '1975-02-02 04:46:05', 'Georgia'),
(393, 'Dorothy', 'Bass', '1981-03-11 16:23:30', 'Ethiopia'),
(394, 'Nero', 'Dominguez', '1980-01-04 23:13:47', 'Saint Pierre and Miq'),
(395, 'Karina', 'Mueller', '1968-04-19 21:34:58', 'Barbados'),
(396, 'Damian', 'Dillon', '1989-09-18 01:21:40', 'Reunion'),
(397, 'Igor', 'House', '1951-01-21 02:27:25', 'Jordan'),
(398, 'Sydnee', 'Blevins', '1982-05-25 21:32:47', 'Gabon'),
(399, 'Kenyon', 'Keith', '1968-07-28 10:25:57', 'Iceland'),
(400, 'Kato', 'Oneil', '1962-01-22 03:23:38', 'Botswana'),
(401, 'Wesley', 'Mayo', '1959-06-27 01:26:44', 'Uruguay'),
(402, 'Carter', 'Larsen', '1974-04-05 01:08:28', 'Japan'),
(403, 'Ivor', 'Goff', '1982-06-16 02:30:14', 'Latvia'),
(404, 'Justina', 'Ewing', '1963-03-30 00:40:34', 'Luxembourg'),
(405, 'Harper', 'Gill', '1990-08-06 19:34:18', 'Fiji'),
(406, 'Raja', 'Hayes', '1984-07-25 20:39:43', 'Thailand'),
(407, 'Finn', 'Harmon', '1988-01-05 08:53:33', 'Kenya'),
(408, 'Wynne', 'Kemp', '1984-12-11 03:00:08', 'Afghanistan'),
(409, 'Hedwig', 'Newman', '1960-02-14 06:39:33', 'Iran'),
(410, 'Echo', 'Burnett', '1955-11-21 22:41:55', 'Cocos (Keeling) Isla'),
(411, 'Paul', 'Ochoa', '1977-01-15 13:39:28', 'Bahrain'),
(412, 'Daquan', 'Madden', '1990-06-24 13:21:37', 'India'),
(413, 'Dale', 'Knox', '1988-09-10 17:52:54', 'Antarctica'),
(414, 'Joy', 'Kirkland', '1993-12-12 12:55:43', 'Virgin Islands, Brit'),
(415, 'Keefe', 'Burton', '1988-07-06 10:14:04', 'Uganda'),
(416, 'Wynter', 'Stein', '1960-01-30 08:46:11', 'Equatorial Guinea'),
(417, 'Orli', 'Burns', '1958-07-25 11:41:18', 'Jersey'),
(418, 'Chloe', 'Bush', '1974-02-20 09:37:11', 'Cook Islands'),
(419, 'Clayton', 'Bird', '1984-04-15 21:52:39', 'Sierra Leone'),
(420, 'Marsden', 'Scott', '1997-10-16 08:08:26', 'Brazil'),
(421, 'Roth', 'Espinoza', '1972-03-10 03:47:53', 'Russian Federation'),
(422, 'Candice', 'Levine', '1954-02-14 21:16:20', 'Netherlands'),
(423, 'Tobias', 'Horne', '1975-10-02 16:14:39', 'Palau'),
(424, 'Fulton', 'Bentley', '1985-06-21 13:01:47', 'Norway'),
(425, 'Marshall', 'Fleming', '1956-02-11 08:56:56', 'Albania'),
(426, 'Raphael', 'Levine', '1991-02-06 20:35:44', 'Virgin Islands, Unit'),
(427, 'Holmes', 'Haney', '1999-01-04 14:11:29', 'Estonia'),
(428, 'Kareem', 'Barry', '1984-10-20 06:01:27', 'Morocco'),
(429, 'Debra', 'Jackson', '1981-08-23 07:59:37', 'Chad'),
(430, 'Carlos', 'Webster', '1996-10-20 05:17:39', 'Heard Island and Mcd'),
(431, 'Isabelle', 'Kirby', '1959-03-05 01:56:15', 'Namibia'),
(432, 'Quinlan', 'Cabrera', '1968-08-30 16:22:00', 'Belgium'),
(433, 'Levi', 'Woods', '1976-04-29 13:06:33', 'Saint Martin'),
(434, 'Tatiana', 'Townsend', '1998-06-07 13:21:35', 'Turkmenistan'),
(435, 'Camille', 'Delaney', '1988-10-12 05:28:56', 'Norfolk Island'),
(436, 'Hashim', 'Burnett', '1969-09-27 10:02:14', 'Dominica'),
(437, 'Audra', 'Farrell', '1996-06-04 03:18:56', 'Tanzania'),
(438, 'Kevyn', 'Craft', '1996-07-17 19:28:38', 'Ethiopia'),
(439, 'Mallory', 'Byers', '1951-02-12 18:32:05', 'Micronesia'),
(440, 'Timothy', 'Ramirez', '1990-01-09 03:16:39', 'Paraguay'),
(441, 'Barclay', 'Frank', '1951-08-02 00:46:20', 'Chile'),
(442, 'Imogene', 'Burgess', '1994-02-25 11:25:56', 'Laos'),
(443, 'Lucy', 'Huff', '1953-03-30 00:55:35', 'Aruba'),
(444, 'Travis', 'Hull', '1971-12-15 23:51:12', 'Brunei'),
(445, 'Laith', 'Brewer', '1999-09-01 02:53:51', 'Croatia'),
(446, 'Lillith', 'Sutton', '1991-11-28 13:37:38', 'Bulgaria'),
(447, 'Lareina', 'Crosby', '1994-06-19 12:40:30', 'Trinidad and Tobago'),
(448, 'Fredericka', 'Sharp', '1981-02-21 00:11:24', 'Fiji'),
(449, 'Ori', 'Hunt', '1952-05-17 00:34:07', 'Solomon Islands'),
(450, 'Hamish', 'Mcbride', '2000-02-28 05:56:11', 'Guadeloupe'),
(451, 'Minerva', 'Randall', '1999-11-04 04:47:53', 'Denmark'),
(452, 'Ryan', 'Rollins', '1994-08-20 15:20:11', 'French Southern Terr'),
(453, 'Heidi', 'Clayton', '1959-05-11 14:41:30', 'Viet Nam'),
(454, 'Kelly', 'Dodson', '1979-03-22 19:34:10', 'Saint Lucia'),
(455, 'Rhona', 'Mcneil', '1996-08-26 11:09:05', 'Falkland Islands'),
(456, 'Dominique', 'Welch', '1975-08-02 09:56:27', 'New Zealand'),
(457, 'Aspen', 'Faulkner', '1967-08-24 06:46:02', 'Uruguay'),
(458, 'Colton', 'Gonzalez', '1969-11-20 12:51:45', 'Cuba'),
(459, 'Nathan', 'Gates', '1953-04-07 18:17:39', 'Isle of Man'),
(460, 'Lacey', 'Santos', '1960-06-08 21:30:32', 'Switzerland'),
(461, 'Carissa', 'Patterson', '1979-09-02 10:35:35', 'Equatorial Guinea'),
(462, 'Odysseus', 'Brooks', '1989-07-27 15:35:08', 'United States Minor '),
(463, 'Chaney', 'Mccarty', '1970-06-29 04:24:27', 'Curaçao'),
(464, 'Alfonso', 'Hopkins', '1998-12-25 22:43:13', 'Christmas Island'),
(465, 'Alec', 'Griffin', '1953-05-06 14:53:39', 'Equatorial Guinea'),
(466, 'Evan', 'Haley', '1965-08-03 14:54:59', 'Iraq'),
(467, 'Candace', 'Simmons', '1995-02-06 16:37:47', 'Nicaragua'),
(468, 'Lev', 'Shepherd', '1978-06-03 23:16:33', 'Zimbabwe'),
(469, 'Garrison', 'Fitzpatrick', '1982-02-01 18:41:37', 'Syria'),
(470, 'Isaiah', 'Boyer', '1991-10-21 20:39:18', 'Canada'),
(471, 'Rogan', 'Shepard', '1997-10-24 15:56:38', 'Saint Helena, Ascens'),
(472, 'Dane', 'Romero', '1965-09-15 21:37:39', 'Switzerland'),
(473, 'Hu', 'Harrison', '1980-10-25 11:59:18', 'Virgin Islands, Unit'),
(474, 'Hasad', 'Zimmerman', '1966-01-08 21:04:29', 'Brazil'),
(475, 'Blair', 'Norman', '1955-03-12 10:17:31', 'Sweden'),
(476, 'Cailin', 'Fields', '1965-05-11 22:15:00', 'Gambia'),
(477, 'Cassidy', 'Hardy', '1953-09-16 12:22:18', 'Dominican Republic'),
(478, 'Cecilia', 'Roy', '1956-08-08 20:02:07', 'Solomon Islands'),
(479, 'MacKensie', 'Stein', '1997-06-21 22:35:34', 'Heard Island and Mcd'),
(480, 'Lillith', 'Medina', '1951-01-18 09:27:43', 'Virgin Islands, Unit'),
(481, 'Francesca', 'Valenzuela', '1992-04-02 01:44:35', 'Malaysia'),
(482, 'Lunea', 'Hurst', '1965-08-29 08:34:26', 'Latvia'),
(483, 'Xenos', 'Kemp', '1962-03-13 15:53:48', 'Western Sahara'),
(484, 'Dieter', 'Tran', '1968-10-09 23:10:12', 'Slovakia'),
(485, 'Beverly', 'Cotton', '1953-11-12 23:43:00', 'Curaçao'),
(486, 'Jonah', 'Chase', '1979-03-09 15:15:06', 'Peru'),
(487, 'Quon', 'Mccullough', '1981-12-23 04:15:57', 'Turkmenistan'),
(488, 'Ciaran', 'Madden', '1967-09-11 09:28:11', 'Maldives'),
(489, 'Orli', 'Dennis', '1969-12-23 22:20:23', 'Senegal'),
(490, 'Selma', 'Barrera', '1973-07-31 04:33:38', 'Guernsey'),
(491, 'Grace', 'Berg', '1993-01-06 14:34:55', 'Maldives'),
(492, 'Donovan', 'Walter', '1990-01-30 07:51:27', 'United States'),
(493, 'Curran', 'Maxwell', '1981-10-18 19:59:06', 'India'),
(494, 'Kessie', 'Porter', '1977-07-27 00:51:55', 'Chile'),
(495, 'Plato', 'Joyce', '1997-02-20 11:27:33', 'Papua New Guinea'),
(496, 'Leila', 'Roman', '1968-07-09 15:36:36', 'Libya'),
(497, 'Maryam', 'Gillespie', '1961-12-21 09:14:00', 'Niger'),
(498, 'Sophia', 'Ellison', '1954-09-07 16:42:57', 'Denmark'),
(499, 'Lawrence', 'Weber', '1994-12-19 09:43:18', 'Nepal'),
(500, 'Quinlan', 'Williams', '1975-08-20 17:58:25', 'Egypt'),
(501, 'Octavia', 'Head', '1979-10-15 16:19:36', 'Virgin Islands, Unit'),
(502, 'Hedda', 'Wood', '1974-04-10 20:49:07', 'Marshall Islands');

-- --------------------------------------------------------

--
-- Table structure for table `actorToMovie`
--

CREATE TABLE IF NOT EXISTS `actorToMovie` (
  `movieId` int(11) NOT NULL DEFAULT '0',
  `actorId` int(11) NOT NULL DEFAULT '0'
) ENGINE=InnoDB DEFAULT CHARSET=latin1;

--
-- Dumping data for table `actorToMovie`
--

INSERT INTO `actorToMovie` (`movieId`, `actorId`) VALUES
(1, 1),
(1, 2),
(85, 3),
(105, 3),
(22, 4),
(185, 6),
(39, 11),
(68, 13),
(116, 13),
(4, 14),
(29, 16),
(52, 18),
(147, 18),
(116, 20),
(134, 21),
(94, 23),
(109, 30),
(93, 31),
(36, 34),
(152, 34),
(1, 35),
(129, 35),
(99, 36),
(163, 36),
(36, 44),
(69, 44),
(6, 48),
(85, 53),
(83, 58),
(126, 58),
(160, 59),
(108, 60),
(136, 60),
(7, 61),
(68, 61),
(192, 63),
(199, 63),
(80, 68),
(160, 72),
(161, 72),
(81, 74),
(196, 75),
(28, 77),
(28, 79),
(90, 80),
(61, 82),
(13, 85),
(104, 90),
(58, 91),
(199, 91),
(131, 92),
(138, 92),
(34, 93),
(35, 93),
(176, 93),
(55, 96),
(18, 97),
(81, 97),
(101, 103),
(42, 106),
(200, 110),
(183, 111),
(84, 115),
(126, 115),
(18, 120),
(90, 121),
(130, 127),
(123, 130),
(159, 133),
(192, 133),
(104, 134),
(85, 135),
(66, 136),
(39, 140),
(49, 140),
(182, 141),
(104, 142),
(138, 148),
(172, 149),
(119, 150),
(41, 151),
(134, 151),
(58, 152),
(108, 152),
(112, 152),
(61, 156),
(124, 158),
(115, 160),
(81, 161),
(25, 162),
(186, 164),
(106, 165),
(93, 169),
(84, 170),
(127, 170),
(142, 172),
(146, 172),
(42, 173),
(159, 173),
(13, 174),
(74, 179),
(163, 179),
(159, 180),
(105, 184),
(150, 187),
(6, 189),
(46, 190),
(193, 190),
(42, 192),
(71, 192),
(153, 194),
(157, 195),
(193, 196),
(148, 198),
(47, 201),
(115, 201),
(65, 202),
(189, 207),
(80, 208),
(78, 214),
(134, 218),
(49, 222),
(10, 223),
(121, 226),
(144, 226),
(176, 227),
(147, 229),
(64, 230),
(150, 232),
(52, 236),
(77, 240),
(87, 242),
(164, 242),
(48, 244),
(97, 244),
(28, 245),
(18, 246),
(45, 247),
(136, 250),
(90, 252),
(186, 254),
(8, 258),
(117, 259),
(135, 263),
(156, 264),
(65, 265),
(147, 265),
(32, 268),
(48, 268),
(12, 270),
(198, 270),
(46, 271),
(150, 272),
(91, 275),
(157, 275),
(136, 281),
(122, 282),
(159, 282),
(4, 284),
(86, 284),
(182, 285),
(87, 286),
(187, 287),
(27, 288),
(176, 291),
(70, 292),
(66, 293),
(100, 293),
(66, 296),
(80, 296),
(116, 296),
(174, 296),
(122, 299),
(156, 299),
(169, 300),
(95, 301),
(149, 301),
(12, 307),
(150, 309),
(29, 311),
(162, 313),
(74, 315),
(82, 315),
(2, 316),
(92, 320),
(82, 321),
(99, 325),
(181, 327),
(36, 328),
(66, 329),
(156, 329),
(91, 331),
(107, 334),
(173, 334),
(131, 336),
(139, 337),
(114, 340),
(120, 340),
(137, 341),
(69, 342),
(84, 342),
(202, 342),
(180, 343),
(82, 344),
(142, 350),
(18, 351),
(146, 351),
(72, 354),
(129, 355),
(192, 357),
(89, 358),
(172, 358),
(124, 360),
(92, 363),
(85, 367),
(123, 368),
(1, 374),
(98, 375),
(192, 378),
(49, 381),
(95, 382),
(19, 383),
(79, 383),
(41, 385),
(59, 387),
(92, 387),
(145, 390),
(171, 391),
(181, 391),
(137, 392),
(28, 402),
(37, 404),
(112, 405),
(189, 405),
(143, 406),
(3, 407),
(130, 407),
(62, 408),
(27, 409),
(83, 411),
(191, 412),
(193, 415),
(64, 416),
(55, 417),
(150, 417),
(33, 421),
(107, 426),
(63, 428),
(8, 432),
(108, 434),
(165, 434),
(76, 438),
(6, 439),
(97, 442),
(97, 444),
(112, 446),
(170, 449),
(71, 452),
(83, 452),
(156, 452),
(161, 452),
(165, 452),
(175, 459),
(97, 460),
(186, 461),
(51, 466),
(33, 467),
(75, 467),
(102, 468),
(149, 468),
(113, 469),
(189, 469),
(126, 470),
(135, 472),
(181, 472),
(185, 472),
(175, 474),
(82, 477),
(174, 478),
(16, 479),
(76, 479),
(93, 481),
(148, 484),
(50, 486),
(70, 486),
(75, 486),
(80, 486),
(173, 486),
(174, 486),
(10, 487),
(36, 487),
(14, 488),
(25, 488),
(87, 488),
(72, 493),
(14, 496),
(40, 497),
(33, 498),
(42, 499),
(201, 499),
(202, 500);

-- --------------------------------------------------------

--
-- Table structure for table `director`
--

CREATE TABLE IF NOT EXISTS `director` (
  `id` int(11) NOT NULL,
  `fName` varchar(20) DEFAULT NULL,
  `lName` varchar(20) DEFAULT NULL,
  `dob` datetime DEFAULT NULL,
  `countryOfOrigin` varchar(20) DEFAULT NULL
) ENGINE=InnoDB AUTO_INCREMENT=202 DEFAULT CHARSET=latin1;

--
-- Dumping data for table `director`
--

INSERT INTO `director` (`id`, `fName`, `lName`, `dob`, `countryOfOrigin`) VALUES
(1, 'Johan', 'Directormann', '1967-06-23 00:00:00', 'Germany'),
(2, 'MacKenzie', 'Sanford', '1980-02-16 20:33:40', 'Maldives'),
(3, 'Denton', 'Mathis', '1971-03-20 13:00:40', 'Sint Maarten'),
(4, 'Elijah', 'Patel', '1951-01-04 21:14:49', 'Macedonia'),
(5, 'Adele', 'Eaton', '1954-01-17 07:23:50', 'Åland Islands'),
(6, 'Derek', 'Keller', '1957-06-28 02:52:21', 'Andorra'),
(7, 'Sylvester', 'Head', '1962-04-15 07:56:35', 'Kyrgyzstan'),
(8, 'Sydney', 'Patterson', '1979-08-11 19:57:55', 'Belize'),
(9, 'Gil', 'Good', '1956-01-24 16:06:24', 'Malaysia'),
(10, 'Timothy', 'Moreno', '1958-05-16 14:58:21', 'Oman'),
(11, 'Jescie', 'Glover', '1965-09-29 21:46:34', 'Virgin Islands, Brit'),
(12, 'Jacqueline', 'Kirk', '1990-03-29 23:51:12', 'Lithuania'),
(13, 'Keane', 'Hodge', '1952-10-18 23:38:48', 'Bermuda'),
(14, 'John', 'Slater', '1975-09-23 08:11:27', 'Singapore'),
(15, 'Wynter', 'Holcomb', '1996-01-01 01:22:39', 'Mauritania'),
(16, 'Stuart', 'Richards', '1968-12-13 04:40:23', 'United States'),
(17, 'Cassady', 'Blevins', '1991-08-27 05:04:30', 'Albania'),
(18, 'Henry', 'Rasmussen', '1989-08-14 02:33:31', 'Denmark'),
(19, 'Ima', 'Waller', '1991-04-23 03:41:56', 'Micronesia'),
(20, 'Ivor', 'Gallegos', '1957-02-28 03:54:09', 'Martinique'),
(21, 'Abraham', 'Luna', '1980-08-11 23:23:05', 'Afghanistan'),
(22, 'Tanisha', 'Bird', '1982-11-01 04:47:07', 'Tanzania'),
(23, 'Alyssa', 'Lawson', '1993-06-07 06:45:56', 'Mozambique'),
(24, 'Sawyer', 'Puckett', '1952-08-30 08:45:56', 'Cambodia'),
(25, 'Alan', 'Trujillo', '1964-10-08 12:53:18', 'Sri Lanka'),
(26, 'Rajah', 'Leon', '1954-12-05 00:36:53', 'Mauritius'),
(27, 'Maia', 'Witt', '1991-01-31 08:47:02', 'Brunei'),
(28, 'Ian', 'Lott', '1989-05-11 20:01:38', 'French Polynesia'),
(29, 'Kelsey', 'Fischer', '1989-11-01 09:25:19', 'Burkina Faso'),
(30, 'Veda', 'Norton', '1988-12-17 12:00:39', 'Isle of Man'),
(31, 'Vera', 'Cohen', '1985-10-27 01:11:26', 'Cambodia'),
(32, 'Raymond', 'Harrison', '1972-12-19 09:28:30', 'Portugal'),
(33, 'Phelan', 'Dillard', '1999-01-02 14:02:45', 'Botswana'),
(34, 'Lyle', 'Ayers', '1989-01-28 15:48:59', 'Djibouti'),
(35, 'Azalia', 'Gonzales', '1953-02-17 00:44:08', 'Egypt'),
(36, 'Suki', 'Schultz', '1999-10-20 08:17:03', 'Macao'),
(37, 'Yeo', 'Ramirez', '1989-08-14 17:05:21', 'Mayotte'),
(38, 'Deirdre', 'Clayton', '1972-02-27 21:36:32', 'Bolivia'),
(39, 'Lila', 'Delaney', '1969-09-16 15:27:57', 'Barbados'),
(40, 'Chava', 'Carpenter', '1954-02-17 03:38:57', 'Serbia'),
(41, 'Zachary', 'Shields', '1970-02-26 18:35:38', 'Morocco'),
(42, 'Cameron', 'Wyatt', '1964-10-26 13:52:15', 'Afghanistan'),
(43, 'Juliet', 'Kelly', '1969-03-15 06:40:58', 'Myanmar'),
(44, 'Whitney', 'Benjamin', '1967-08-13 20:38:06', 'Niue'),
(45, 'Fay', 'Woods', '1970-12-30 21:46:33', 'Panama'),
(46, 'Lance', 'Mcgowan', '1969-12-09 19:07:47', 'Guernsey'),
(47, 'Thor', 'Kirk', '1997-05-20 19:56:46', 'Dominican Republic'),
(48, 'Leilani', 'Small', '1953-10-15 22:15:56', 'Virgin Islands, Unit'),
(49, 'Aladdin', 'Parker', '1996-02-14 23:59:32', 'Papua New Guinea'),
(50, 'Drew', 'Guy', '1977-03-21 01:04:35', 'Lebanon'),
(51, 'Sonya', 'Morgan', '1968-11-16 15:40:33', 'United States'),
(52, 'Lesley', 'Harris', '1980-01-25 09:29:12', 'French Polynesia'),
(53, 'Ishmael', 'Cobb', '1961-05-12 05:10:53', 'Yemen'),
(54, 'Grace', 'Joseph', '1965-12-29 14:36:21', 'Isle of Man'),
(55, 'Ferris', 'Yates', '1966-08-19 05:15:16', 'Chad'),
(56, 'Kermit', 'Torres', '1969-04-23 04:15:52', 'Paraguay'),
(57, 'Colleen', 'Vasquez', '1993-11-22 00:05:07', 'Syria'),
(58, 'Zahir', 'Walsh', '1979-01-29 04:31:53', 'Anguilla'),
(59, 'Theodore', 'Matthews', '1982-09-21 02:38:47', 'Turkey'),
(60, 'Grant', 'Michael', '1982-07-18 16:06:17', 'Malawi'),
(61, 'Sylvester', 'Blackburn', '1969-06-25 22:44:46', 'Benin'),
(62, 'Tashya', 'Munoz', '1961-12-10 13:30:25', 'Costa Rica'),
(63, 'Xander', 'Kane', '1968-01-26 14:39:34', 'Bouvet Island'),
(64, 'Driscoll', 'Roberson', '1954-01-31 23:26:09', 'Puerto Rico'),
(65, 'Xanthus', 'Lewis', '1952-07-11 11:08:54', 'Bosnia and Herzegovi'),
(66, 'Kathleen', 'Frye', '1980-04-29 18:07:38', 'Georgia'),
(67, 'Inez', 'Wynn', '1974-03-14 17:27:31', 'Jordan'),
(68, 'Andrew', 'Lang', '1986-08-30 13:59:30', 'Burkina Faso'),
(69, 'Caleb', 'Hammond', '1954-05-03 03:43:45', 'Sierra Leone'),
(70, 'Caesar', 'Ballard', '1958-09-02 02:23:51', 'Heard Island and Mcd'),
(71, 'Rina', 'Griffin', '1970-07-08 23:01:20', 'Armenia'),
(72, 'Connor', 'Glover', '1980-07-18 07:43:45', 'Nicaragua'),
(73, 'Briar', 'Kirkland', '1966-10-13 10:01:03', 'Viet Nam'),
(74, 'Cynthia', 'Bush', '1990-09-27 02:59:40', 'Cayman Islands'),
(75, 'Shelly', 'Barry', '1982-05-07 21:29:02', 'Andorra'),
(76, 'Hiroko', 'Goodwin', '1965-12-23 02:23:46', 'Dominican Republic'),
(77, 'Ingrid', 'Barr', '1951-11-01 03:50:30', 'Portugal'),
(78, 'Lavinia', 'Franks', '1967-05-25 19:59:25', 'Bosnia and Herzegovi'),
(79, 'Brett', 'Bryant', '1997-11-03 19:52:46', 'Sint Maarten'),
(80, 'Reuben', 'Holder', '1977-08-06 14:58:46', 'Macedonia'),
(81, 'Miranda', 'Freeman', '1970-11-19 22:13:10', 'Liechtenstein'),
(82, 'Katell', 'Baldwin', '1987-09-01 02:02:17', 'Guam'),
(83, 'Paul', 'Mcgee', '1995-04-30 11:16:49', 'Honduras'),
(84, 'Kyla', 'Ewing', '1971-08-28 13:58:23', 'Trinidad and Tobago'),
(85, 'Erich', 'Navarro', '1991-07-19 08:41:58', 'Guernsey'),
(86, 'Karina', 'Goodwin', '1957-05-19 01:58:55', 'Guatemala'),
(87, 'September', 'Shepherd', '1996-09-02 10:16:46', 'Bulgaria'),
(88, 'Paul', 'Wilcox', '1996-06-24 14:42:16', 'China'),
(89, 'Angela', 'Rodriguez', '1973-09-16 16:01:19', 'Kenya'),
(90, 'Wade', 'Sharpe', '1973-12-21 11:23:19', 'Albania'),
(91, 'Omar', 'Wagner', '1955-06-03 03:31:48', 'Nigeria'),
(92, 'Axel', 'Mccoy', '1959-05-09 15:20:48', 'Cambodia'),
(93, 'Maggie', 'Winters', '1978-10-15 22:26:38', 'Cambodia'),
(94, 'Nathan', 'Macdonald', '1958-06-18 16:11:10', 'Kyrgyzstan'),
(95, 'Tallulah', 'Carpenter', '1957-03-03 07:05:21', 'Algeria'),
(96, 'Gage', 'Winters', '1998-05-31 00:25:28', 'Finland'),
(97, 'Abigail', 'Peck', '1956-05-06 13:31:05', 'Dominican Republic'),
(98, 'Julian', 'Caldwell', '1969-12-02 03:58:51', 'South Sudan'),
(99, 'Phelan', 'Murray', '1980-07-20 10:40:28', 'Lebanon'),
(100, 'Oliver', 'Armstrong', '1955-11-30 02:18:34', 'Spain'),
(101, 'Sylvia', 'Hartman', '1958-12-04 20:04:51', 'Turkey'),
(102, 'Yael', 'Luna', '1960-12-16 01:12:52', 'Oman'),
(103, 'Nathaniel', 'Erickson', '1964-10-14 12:48:17', 'Swaziland'),
(104, 'Ivan', 'Gates', '1954-04-10 07:13:47', 'Mozambique'),
(105, 'Ryder', 'Erickson', '1986-08-13 07:07:35', 'Hong Kong'),
(106, 'Lysandra', 'Downs', '1960-12-15 22:17:11', 'Bulgaria'),
(107, 'Trevor', 'Thomas', '1958-04-20 05:32:12', 'Bouvet Island'),
(108, 'Aimee', 'Alvarez', '1967-08-26 12:07:00', 'Poland'),
(109, 'Joseph', 'Rowland', '1995-03-29 03:41:15', 'Cocos (Keeling) Isla'),
(110, 'Channing', 'Small', '1967-04-08 00:03:04', 'Sierra Leone'),
(111, 'Colette', 'Jenkins', '1979-12-17 12:50:17', 'Croatia'),
(112, 'Francis', 'Mueller', '1959-08-20 10:17:39', 'Niger'),
(113, 'Alexander', 'Bush', '1954-12-02 06:14:24', 'Albania'),
(114, 'Kristen', 'Tucker', '1972-03-18 09:07:44', 'Maldives'),
(115, 'Gisela', 'Frederick', '1985-10-31 22:21:35', 'Armenia'),
(116, 'Cleo', 'Silva', '1953-05-01 07:43:01', 'Northern Mariana Isl'),
(117, 'Barclay', 'Day', '1970-03-10 05:54:28', 'Haiti'),
(118, 'Oprah', 'Snyder', '1998-07-05 08:00:08', 'Åland Islands'),
(119, 'Jerry', 'Mccall', '1980-09-08 21:03:19', 'Palestine, State of'),
(120, 'Dane', 'Hurst', '1969-03-22 20:12:56', 'Lebanon'),
(121, 'Desiree', 'Decker', '1951-12-25 17:05:04', 'Slovenia'),
(122, 'Hu', 'Russo', '1982-12-22 00:06:58', 'Dominican Republic'),
(123, 'Lenore', 'Kerr', '1954-12-08 22:43:49', 'Zimbabwe'),
(124, 'Nigel', 'Nash', '1968-06-17 09:28:58', 'Anguilla'),
(125, 'Burke', 'Howard', '1961-01-03 10:11:15', 'Tunisia'),
(126, 'Evelyn', 'Nolan', '1975-10-22 09:10:42', 'Syria'),
(127, 'Lareina', 'Wagner', '1969-08-13 07:49:47', 'Botswana'),
(128, 'Cameron', 'Todd', '1952-04-19 03:46:44', 'Saint Barthélemy'),
(129, 'Victor', 'Hogan', '1957-10-10 17:12:35', 'El Salvador'),
(130, 'Veda', 'Silva', '1972-11-01 17:30:41', 'Andorra'),
(131, 'Mason', 'Pollard', '2000-05-02 00:24:00', 'Tokelau'),
(132, 'Sierra', 'Ryan', '1983-01-10 20:19:15', 'Bolivia'),
(133, 'Paki', 'Ferrell', '1980-12-01 19:45:16', 'Aruba'),
(134, 'Reuben', 'Whitney', '1968-07-02 18:05:26', 'Saint Barthélemy'),
(135, 'Daryl', 'Hart', '1964-03-31 22:03:43', 'Denmark'),
(136, 'Naida', 'Calhoun', '1966-03-04 20:07:09', 'Germany'),
(137, 'Lila', 'Mathews', '1988-03-18 19:05:15', 'Somalia'),
(138, 'Macaulay', 'Sutton', '1963-09-25 15:16:28', 'Sao Tome and Princip'),
(139, 'Elliott', 'Burton', '1989-07-01 07:58:20', 'Hungary'),
(140, 'Lucian', 'Nieves', '1990-02-27 08:54:21', 'French Southern Terr'),
(141, 'Kerry', 'Douglas', '1986-11-24 01:03:20', 'Germany'),
(142, 'Jocelyn', 'Wynn', '1982-03-16 14:26:42', 'Iran'),
(143, 'Paloma', 'Hodges', '1966-08-20 10:05:18', 'Falkland Islands'),
(144, 'Maggy', 'Hewitt', '1955-08-27 02:51:39', 'Uzbekistan'),
(145, 'Victor', 'Walker', '1965-12-21 02:05:13', 'Côte D''Ivoire (Ivory'),
(146, 'Asher', 'Levine', '1960-02-23 08:11:24', 'Reunion'),
(147, 'Xyla', 'Cherry', '1968-06-20 07:09:37', 'Estonia'),
(148, 'Hanae', 'Kline', '1952-02-04 20:52:41', 'Norfolk Island'),
(149, 'Kiona', 'Bradshaw', '1973-12-25 06:01:11', 'Antigua and Barbuda'),
(150, 'Hope', 'Joseph', '1983-02-02 23:48:47', 'Guam'),
(151, 'Emery', 'White', '1958-05-14 14:47:36', 'Greece'),
(152, 'Imogene', 'Farley', '1964-10-08 01:36:14', 'Mauritius'),
(153, 'Sebastian', 'Cobb', '1999-06-13 16:09:46', 'Gambia'),
(154, 'Gary', 'Ramirez', '1999-08-02 16:32:27', 'Croatia'),
(155, 'Lael', 'Hall', '1997-03-11 18:11:12', 'Mauritania'),
(156, 'Maris', 'Parker', '1981-06-11 14:49:04', 'Niger'),
(157, 'Macaulay', 'Richards', '1978-12-05 02:20:14', 'Turkmenistan'),
(158, 'Joshua', 'Hartman', '1981-05-15 05:41:56', 'Bouvet Island'),
(159, 'Shannon', 'Howell', '1979-09-26 16:18:39', 'Guernsey'),
(160, 'Freya', 'Craft', '1981-11-22 05:26:08', 'Tonga'),
(161, 'Ivor', 'Berger', '1975-11-27 03:16:35', 'Pakistan'),
(162, 'Wanda', 'Price', '1975-03-29 16:57:39', 'Belgium'),
(163, 'Brittany', 'Boyd', '1963-06-25 02:44:09', 'Paraguay'),
(164, 'Tatum', 'Roberts', '1983-12-12 12:28:19', 'British Indian Ocean'),
(165, 'Jamalia', 'Puckett', '1980-06-29 13:36:05', 'Wallis and Futuna'),
(166, 'Xenos', 'Gibbs', '1986-07-20 09:54:28', 'Guinea-Bissau'),
(167, 'Anthony', 'Mcfarland', '1980-10-22 23:44:13', 'Bermuda'),
(168, 'Lucius', 'Bridges', '1958-06-12 22:55:20', 'American Samoa'),
(169, 'Austin', 'Gomez', '1963-06-07 21:52:43', 'Saint Kitts and Nevi'),
(170, 'Leonard', 'Vazquez', '1952-09-03 03:54:23', 'Nepal'),
(171, 'Rafael', 'Willis', '1991-05-17 18:15:11', 'Poland'),
(172, 'Gabriel', 'Blanchard', '1951-05-17 06:56:38', 'Faroe Islands'),
(173, 'Pamela', 'Woods', '1985-10-29 18:34:52', 'Benin'),
(174, 'Daphne', 'Young', '1955-12-03 00:38:52', 'Australia'),
(175, 'Rose', 'Jenkins', '1995-06-13 22:41:07', 'French Polynesia'),
(176, 'Holly', 'Summers', '1998-11-29 12:48:03', 'Curaçao'),
(177, 'Carson', 'Burke', '1998-05-06 10:04:45', 'Nicaragua'),
(178, 'Amal', 'Gilliam', '1992-04-02 22:03:59', 'Croatia'),
(179, 'MacKensie', 'Stephens', '1989-06-01 12:58:26', 'Niger'),
(180, 'Jarrod', 'Hicks', '1973-03-22 04:10:38', 'Qatar'),
(181, 'Suki', 'Fry', '1964-06-02 01:58:45', 'Turkey'),
(182, 'Guy', 'Nichols', '1967-10-29 03:55:37', 'Gibraltar'),
(183, 'Benedict', 'Bradshaw', '1997-01-12 06:36:38', 'Panama'),
(184, 'Brenna', 'Sanchez', '1984-12-18 15:29:19', 'Svalbard and Jan May'),
(185, 'Barrett', 'Mcdowell', '1985-05-12 20:59:38', 'Saint Pierre and Miq'),
(186, 'Scarlet', 'Mendoza', '1982-10-06 07:10:43', 'Maldives'),
(187, 'Pearl', 'Serrano', '1987-12-14 22:11:00', 'Poland'),
(188, 'Ray', 'Hinton', '1991-04-05 17:30:39', 'Thailand'),
(189, 'Winter', 'Aguilar', '1975-12-05 04:48:00', 'Switzerland'),
(190, 'Callie', 'Guthrie', '1963-02-04 00:56:16', 'Trinidad and Tobago'),
(191, 'Jesse', 'Deleon', '1971-07-21 17:10:56', 'Zambia'),
(192, 'Kaitlin', 'Castillo', '1968-04-03 13:27:00', 'Iran'),
(193, 'Emery', 'Richardson', '1995-08-06 04:41:42', 'Bonaire, Sint Eustat'),
(194, 'India', 'Murray', '1999-06-20 06:30:37', 'Japan'),
(195, 'Bevis', 'Calhoun', '1955-08-09 16:55:14', 'Slovakia'),
(196, 'Karleigh', 'Ramos', '1970-02-03 05:09:25', 'Yemen'),
(197, 'Idola', 'Winters', '1980-12-22 23:35:14', 'French Polynesia'),
(198, 'Evan', 'Cross', '1953-05-15 21:26:38', 'Mauritius'),
(199, 'Rigel', 'Calhoun', '1985-04-15 01:54:30', 'Nigeria'),
(200, 'Dana', 'Diaz', '1982-05-31 12:05:08', 'Anguilla'),
(201, 'Melissa', 'Buchanan', '1989-09-21 21:48:26', 'Vanuatu');

-- --------------------------------------------------------

--
-- Table structure for table `directorToMovie`
--

CREATE TABLE IF NOT EXISTS `directorToMovie` (
  `movieId` int(11) NOT NULL DEFAULT '0',
  `directorId` int(11) NOT NULL DEFAULT '0'
) ENGINE=InnoDB DEFAULT CHARSET=latin1;

--
-- Dumping data for table `directorToMovie`
--

INSERT INTO `directorToMovie` (`movieId`, `directorId`) VALUES
(155, 1),
(86, 4),
(94, 9),
(129, 13),
(65, 16),
(154, 17),
(190, 20),
(19, 22),
(171, 22),
(165, 23),
(172, 23),
(41, 27),
(46, 28),
(184, 31),
(31, 35),
(194, 39),
(21, 40),
(121, 42),
(97, 43),
(77, 45),
(11, 46),
(101, 50),
(54, 53),
(181, 54),
(144, 56),
(8, 61),
(40, 67),
(95, 69),
(180, 72),
(85, 76),
(188, 77),
(138, 80),
(141, 83),
(89, 85),
(132, 86),
(149, 86),
(27, 87),
(28, 88),
(123, 88),
(30, 89),
(105, 91),
(87, 92),
(20, 96),
(109, 100),
(69, 103),
(22, 106),
(131, 106),
(51, 109),
(57, 109),
(96, 109),
(191, 118),
(47, 124),
(93, 124),
(43, 125),
(176, 125),
(88, 128),
(2, 140),
(67, 140),
(80, 143),
(161, 144),
(148, 148),
(137, 149),
(5, 152),
(66, 153),
(168, 156),
(78, 160),
(145, 163),
(115, 164),
(182, 164),
(26, 165),
(24, 167),
(151, 168),
(39, 176),
(119, 177),
(104, 179),
(13, 181),
(125, 185),
(42, 186),
(74, 187),
(1, 188),
(112, 188),
(183, 188),
(18, 195),
(160, 196),
(178, 196),
(7, 197),
(64, 197),
(135, 197),
(164, 199),
(17, 201);

-- --------------------------------------------------------

--
-- Table structure for table `movies`
--

CREATE TABLE IF NOT EXISTS `movies` (
  `id` int(11) NOT NULL,
  `title` varchar(50) DEFAULT NULL,
  `rating` varchar(5) DEFAULT NULL,
  `runtime` int(11) DEFAULT NULL,
  `plot` varchar(500) DEFAULT NULL,
  `studio` varchar(20) DEFAULT NULL
) ENGINE=InnoDB AUTO_INCREMENT=203 DEFAULT CHARSET=latin1;

--
-- Dumping data for table `movies`
--

INSERT INTO `movies` (`id`, `title`, `rating`, `runtime`, `plot`, `studio`) VALUES
(1, 'Eric Film', 'R', 90, 'plot plot plot plot plot', 'Eric Works'),
(2, 'Eric Film 2', 'PG', 120, 'jsafhsjaifhasifhasilfhasjfiasf', 'Eric Works'),
(3, 'et malesuada', 'PG-13', 152, 'sed pede nec ante blandit viverra. Donec tempus, lorem fringilla ornare', 'Disney'),
(4, 'vel', 'G', 118, 'Nam porttitor scelerisque neque. Nullam nisl. Maecenas malesuada fringilla est. Mauris eu turpis. Nulla aliquet. Proin velit.', 'Disney'),
(5, 'quam vel', 'G', 107, 'Cum sociis natoque penatibus et magnis dis parturient montes, nascetur ridiculus mus. Proin vel arcu eu odio tristique pharetra. Quisque ac libero nec ligula consectetuer rhoncus. Nullam velit dui, semper et, lacinia vitae, sodales at,', 'WB'),
(6, 'amet lorem semper auctor. Mauris', 'R', 176, 'mi lacinia mattis. Integer eu lacus. Quisque imperdiet, erat nonummy ultricies ornare, elit elit fermentum risus, at fringilla purus mauris a nunc. In at pede. Cras vulputate velit eu sem. Pellentesque ut ipsum ac mi eleifend egestas. Sed pharetra, felis', 'Sony'),
(7, 'Nullam feugiat', 'G', 123, 'in magna. Phasellus dolor elit, pellentesque a, facilisis non, bibendum sed, est. Nunc laoreet lectus quis massa. Mauris vestibulum, neque sed dictum eleifend, nunc risus varius orci, in consequat enim', 'WB'),
(8, 'Mauris magna. Duis dignissim', 'R', 140, 'magna, malesuada vel, convallis in, cursus et, eros. Proin ultrices. Duis volutpat nunc sit amet metus. Aliquam erat volutpat. Nulla facilisis. Suspendisse commodo tincidunt nibh. Phasellus nulla. Integer vulputate, risus a ultricies adipiscing, enim mi tempor lorem, eget mollis lectus pede et risus.', 'Fox'),
(9, 'id, ante. Nunc', 'G', 144, 'molestie dapibus ligula. Aliquam erat volutpat. Nulla dignissim. Maecenas ornare egestas ligula. Nullam feugiat placerat velit. Quisque varius. Nam porttitor scelerisque neque. Nullam nisl. Maecenas malesuada fringilla est. Mauris eu turpis. Nulla aliquet. Proin velit. Sed malesuada augue ut lacus. Nulla tincidunt,', 'Sony'),
(10, 'libero. Donec', 'PG-13', 175, 'ligula eu enim. Etiam imperdiet dictum magna. Ut tincidunt orci quis lectus.', 'Fox'),
(11, 'Suspendisse sed dolor. Fusce', 'R', 99, 'ut cursus luctus, ipsum leo elementum sem, vitae aliquam eros turpis non enim. Mauris quis turpis vitae purus gravida sagittis. Duis gravida. Praesent eu nulla at sem', 'Sony'),
(12, 'natoque penatibus et magnis', 'R', 140, 'eu erat semper rutrum. Fusce dolor quam, elementum at, egestas a, scelerisque sed, sapien. Nunc pulvinar arcu et pede. Nunc sed orci lobortis augue scelerisque mollis. Phasellus libero mauris,', 'Fox'),
(13, 'sodales at, velit. Pellentesque ultricies', 'R', 154, 'ut mi. Duis risus odio, auctor vitae, aliquet nec, imperdiet nec, leo. Morbi neque tellus, imperdiet non, vestibulum nec, euismod in, dolor. Fusce feugiat. Lorem ipsum dolor sit amet, consectetuer adipiscing elit. Aliquam auctor, velit eget laoreet', 'Sony'),
(14, 'imperdiet, erat nonummy ultricies', 'PG-13', 128, 'Sed eu eros. Nam consequat dolor vitae dolor. Donec fringilla. Donec feugiat metus sit amet ante. Vivamus non lorem vitae odio sagittis semper. Nam tempor diam dictum sapien. Aenean massa. Integer vitae nibh. Donec est mauris, rhoncus id, mollis nec, cursus', 'Disney'),
(15, 'sit amet, consectetuer', 'PG', 159, 'est ac facilisis facilisis, magna tellus faucibus leo, in lobortis tellus justo sit amet nulla. Donec non justo. Proin non massa non ante bibendum ullamcorper. Duis cursus, diam at pretium aliquet,', 'Disney'),
(16, 'ipsum. Suspendisse non leo.', 'G', 173, 'neque et nunc. Quisque ornare tortor at risus. Nunc ac sem ut dolor dapibus gravida. Aliquam tincidunt, nunc ac mattis ornare, lectus ante dictum mi, ac mattis velit justo nec ante. Maecenas mi felis, adipiscing fringilla, porttitor vulputate, posuere vulputate, lacus. Cras interdum. Nunc', 'Disney'),
(17, 'nunc. Quisque ornare tortor at', 'PG', 146, 'eget nisi dictum augue malesuada malesuada. Integer id magna et ipsum cursus vestibulum. Mauris magna. Duis dignissim tempor arcu. Vestibulum ut eros non enim commodo hendrerit. Donec porttitor tellus non magna. Nam ligula elit, pretium et, rutrum non, hendrerit id,', 'Fox'),
(18, 'Phasellus in felis. Nulla', 'G', 121, 'vehicula risus. Nulla eget metus eu erat semper rutrum. Fusce dolor quam, elementum at, egestas a, scelerisque sed, sapien. Nunc pulvinar arcu et pede. Nunc sed orci lobortis augue scelerisque mollis. Phasellus libero mauris, aliquam eu, accumsan sed, facilisis vitae, orci. Phasellus dapibus quam quis diam.', 'WB'),
(19, 'Pellentesque ut ipsum ac', 'PG-13', 124, 'est. Mauris eu turpis. Nulla aliquet. Proin velit. Sed malesuada augue ut lacus. Nulla tincidunt, neque vitae semper egestas,', 'WB'),
(20, 'non, lacinia at,', 'R', 161, 'eros. Proin ultrices. Duis volutpat nunc sit amet metus. Aliquam erat volutpat. Nulla facilisis. Suspendisse commodo tincidunt nibh. Phasellus nulla. Integer vulputate, risus a ultricies adipiscing, enim mi tempor', 'Sony'),
(21, 'tempus eu, ligula. Aenean euismod', 'R', 179, 'penatibus et magnis dis parturient montes, nascetur ridiculus mus. Proin vel arcu eu odio tristique pharetra. Quisque ac libero nec ligula consectetuer rhoncus. Nullam velit dui, semper et, lacinia vitae, sodales at, velit. Pellentesque ultricies', 'Sony'),
(22, 'eu elit. Nulla facilisi.', 'PG', 180, 'tristique ac, eleifend vitae, erat. Vivamus nisi. Mauris nulla. Integer urna. Vivamus molestie dapibus ligula. Aliquam erat volutpat. Nulla dignissim. Maecenas ornare egestas ligula. Nullam feugiat placerat velit. Quisque varius. Nam porttitor scelerisque neque. Nullam nisl. Maecenas malesuada fringilla est. Mauris eu turpis. Nulla aliquet. Proin velit. Sed malesuada augue', 'Fox'),
(23, 'blandit congue. In scelerisque', 'PG-13', 140, 'neque venenatis lacus. Etiam bibendum fermentum metus. Aenean sed pede nec ante blandit viverra. Donec tempus, lorem fringilla ornare placerat, orci lacus vestibulum lorem, sit amet ultricies sem magna nec quam. Curabitur vel lectus. Cum sociis natoque penatibus et magnis dis parturient montes, nascetur ridiculus mus.', 'Sony'),
(24, 'dapibus ligula.', 'PG-13', 107, 'lorem, sit amet ultricies sem magna nec quam. Curabitur vel lectus. Cum sociis natoque penatibus et magnis dis parturient montes, nascetur ridiculus mus. Donec dignissim magna a tortor. Nunc commodo auctor velit. Aliquam nisl. Nulla eu neque pellentesque massa', 'Disney'),
(25, 'Curae; Phasellus ornare. Fusce mollis.', 'PG', 162, 'magnis dis parturient montes, nascetur ridiculus mus. Proin vel arcu eu odio tristique pharetra. Quisque ac libero nec ligula consectetuer rhoncus. Nullam velit dui, semper et, lacinia vitae, sodales at, velit. Pellentesque ultricies dignissim lacus. Aliquam rutrum lorem ac risus. Morbi metus. Vivamus euismod', 'Sony'),
(26, 'tellus id nunc interdum feugiat.', 'PG-13', 160, 'neque. Sed eget lacus. Mauris non dui nec urna suscipit nonummy. Fusce fermentum fermentum arcu. Vestibulum ante ipsum primis in faucibus orci luctus et ultrices posuere', 'Sony'),
(27, 'laoreet, libero et tristique', 'G', 132, 'Vivamus non lorem vitae odio sagittis semper. Nam tempor diam dictum sapien. Aenean massa. Integer vitae nibh. Donec est mauris, rhoncus', 'Sony'),
(28, 'pretium et,', 'R', 177, 'nec urna et arcu imperdiet ullamcorper. Duis at lacus. Quisque purus sapien, gravida non, sollicitudin a, malesuada id, erat. Etiam vestibulum massa rutrum magna. Cras convallis convallis dolor. Quisque tincidunt pede ac urna. Ut tincidunt vehicula risus. Nulla eget metus eu', 'Fox'),
(29, 'felis. Donec', 'G', 129, 'dictum magna. Ut tincidunt orci quis lectus. Nullam suscipit, est ac facilisis facilisis, magna tellus faucibus leo, in lobortis tellus justo sit amet nulla. Donec non justo. Proin non massa non ante bibendum ullamcorper. Duis cursus, diam at pretium aliquet, metus urna convallis erat, eget', 'WB'),
(30, 'Morbi non sapien molestie', 'R', 142, 'pede. Suspendisse dui. Fusce diam nunc, ullamcorper eu, euismod ac, fermentum vel, mauris. Integer sem elit, pharetra ut, pharetra sed, hendrerit a, arcu. Sed et libero. Proin mi. Aliquam gravida mauris ut mi. Duis risus odio, auctor vitae, aliquet nec, imperdiet nec, leo. Morbi neque tellus, imperdiet non, vestibulum', 'Disney'),
(31, 'tortor', 'PG-13', 116, 'ipsum cursus vestibulum. Mauris magna. Duis dignissim tempor arcu. Vestibulum ut eros non enim commodo hendrerit. Donec porttitor tellus non magna. Nam ligula elit, pretium et, rutrum non, hendrerit id, ante. Nunc', 'Disney'),
(32, 'sagittis placerat. Cras', 'G', 174, 'sed, hendrerit a, arcu. Sed et libero. Proin mi. Aliquam gravida mauris ut mi. Duis risus odio, auctor vitae, aliquet nec, imperdiet nec, leo.', 'Sony'),
(33, 'orci', 'G', 148, 'molestie dapibus ligula. Aliquam erat volutpat. Nulla dignissim. Maecenas ornare egestas', 'Disney'),
(34, 'egestas. Fusce aliquet magna', 'PG', 164, 'a nunc. In at pede. Cras vulputate velit eu sem. Pellentesque ut ipsum ac mi eleifend egestas. Sed pharetra, felis eget varius ultrices, mauris ipsum porta', 'Fox'),
(35, 'eu enim.', 'R', 139, 'nunc nulla vulputate dui, nec tempus mauris erat eget ipsum. Suspendisse', 'Disney'),
(36, 'lobortis tellus justo', 'PG', 134, 'risus. Morbi metus. Vivamus euismod urna. Nullam lobortis quam a felis ullamcorper viverra. Maecenas iaculis aliquet', 'WB'),
(37, 'bibendum ullamcorper. Duis cursus,', 'PG', 135, 'Suspendisse tristique neque venenatis lacus. Etiam bibendum fermentum metus. Aenean sed pede nec ante blandit viverra. Donec tempus, lorem fringilla ornare placerat, orci lacus vestibulum lorem, sit amet ultricies sem magna nec quam. Curabitur vel lectus. Cum sociis natoque', 'Disney'),
(38, 'dui quis accumsan convallis, ante', 'PG-13', 129, 'Duis volutpat nunc sit amet metus. Aliquam erat volutpat. Nulla facilisis. Suspendisse commodo tincidunt nibh. Phasellus nulla. Integer vulputate, risus a ultricies adipiscing, enim mi tempor lorem, eget mollis lectus pede et risus. Quisque libero', 'Disney'),
(39, 'arcu', 'G', 114, 'euismod et, commodo at, libero. Morbi accumsan laoreet ipsum. Curabitur consequat, lectus sit amet luctus vulputate,', 'WB'),
(40, 'imperdiet nec, leo.', 'G', 105, 'massa non ante bibendum ullamcorper. Duis cursus, diam at pretium aliquet, metus urna convallis erat, eget tincidunt dui augue eu tellus. Phasellus elit pede, malesuada vel, venenatis vel, faucibus id, libero. Donec', 'Sony'),
(41, 'vitae risus. Duis a mi', 'R', 135, 'elit, dictum eu, eleifend nec, malesuada ut, sem. Nulla interdum. Curabitur dictum. Phasellus in felis. Nulla tempor augue ac ipsum. Phasellus vitae mauris sit amet lorem semper auctor. Mauris vel turpis. Aliquam adipiscing lobortis risus. In mi pede, nonummy ut, molestie in, tempus eu, ligula.', 'Sony'),
(42, 'enim.', 'R', 147, 'ante. Maecenas mi felis, adipiscing fringilla, porttitor vulputate, posuere vulputate, lacus. Cras interdum. Nunc sollicitudin commodo ipsum. Suspendisse non leo. Vivamus nibh dolor, nonummy ac, feugiat non, lobortis quis, pede. Suspendisse dui. Fusce diam nunc, ullamcorper eu, euismod ac, fermentum', 'Fox'),
(43, 'arcu vel quam dignissim pharetra.', 'R', 136, 'purus. Duis elementum, dui quis accumsan convallis, ante lectus convallis est, vitae sodales nisi magna sed dui. Fusce aliquam, enim', 'Fox'),
(44, 'tempus eu,', 'PG', 173, 'odio vel est tempor bibendum. Donec felis orci, adipiscing non, luctus sit amet, faucibus ut, nulla. Cras eu tellus eu augue porttitor interdum. Sed auctor odio a purus.', 'WB'),
(45, 'lectus, a', 'R', 172, 'senectus et netus et malesuada fames ac turpis egestas. Fusce aliquet magna a neque. Nullam ut nisi a odio semper cursus. Integer mollis. Integer tincidunt aliquam arcu. Aliquam', 'Fox'),
(46, 'in', 'G', 117, 'ac mattis ornare, lectus ante dictum mi, ac mattis velit justo nec ante. Maecenas mi felis, adipiscing fringilla, porttitor vulputate, posuere vulputate, lacus. Cras interdum. Nunc sollicitudin commodo ipsum. Suspendisse', 'Fox'),
(47, 'placerat, augue. Sed molestie.', 'PG', 105, 'egestas ligula. Nullam feugiat placerat velit. Quisque varius. Nam porttitor scelerisque neque. Nullam nisl. Maecenas malesuada fringilla est. Mauris eu turpis. Nulla aliquet. Proin velit. Sed malesuada augue ut lacus. Nulla tincidunt, neque vitae semper egestas, urna justo', 'WB'),
(48, 'at pretium aliquet,', 'PG', 157, 'leo. Morbi neque tellus, imperdiet non, vestibulum nec, euismod in, dolor. Fusce feugiat. Lorem ipsum', 'WB'),
(49, 'Etiam laoreet, libero', 'G', 107, 'nec tempus scelerisque, lorem ipsum sodales purus, in molestie tortor nibh sit amet orci. Ut sagittis lobortis mauris. Suspendisse aliquet molestie tellus. Aenean egestas', 'Sony'),
(50, 'molestie. Sed id risus quis', 'PG-13', 141, 'urna, nec luctus felis purus ac tellus. Suspendisse sed dolor. Fusce mi lorem, vehicula et, rutrum eu, ultrices sit amet, risus. Donec nibh enim,', 'Sony'),
(51, 'Aliquam adipiscing lobortis risus.', 'PG', 166, 'feugiat metus sit amet ante. Vivamus non lorem vitae odio sagittis semper. Nam tempor diam dictum sapien. Aenean massa. Integer vitae nibh. Donec est mauris, rhoncus id, mollis nec, cursus a, enim. Suspendisse aliquet, sem ut cursus luctus, ipsum leo elementum sem, vitae aliquam eros turpis non', 'Fox'),
(52, 'ad litora', 'G', 141, 'lobortis augue scelerisque mollis. Phasellus libero mauris, aliquam eu, accumsan sed, facilisis vitae, orci. Phasellus dapibus quam quis diam. Pellentesque habitant morbi tristique senectus et netus et malesuada', 'Disney'),
(53, 'enim. Suspendisse aliquet, sem ut', 'R', 115, 'montes, nascetur ridiculus mus. Aenean eget magna. Suspendisse tristique neque venenatis lacus. Etiam bibendum fermentum metus. Aenean sed pede', 'WB'),
(54, 'ornare. In faucibus. Morbi', 'R', 151, 'malesuada. Integer id magna et ipsum cursus vestibulum. Mauris magna. Duis dignissim tempor arcu. Vestibulum ut eros non enim commodo hendrerit. Donec porttitor tellus non magna. Nam ligula elit, pretium et, rutrum non, hendrerit id, ante. Nunc mauris sapien, cursus in, hendrerit', 'Fox'),
(55, 'amet ultricies sem magna nec', 'R', 122, 'cubilia Curae; Donec tincidunt. Donec vitae erat vel pede blandit congue. In scelerisque scelerisque dui. Suspendisse ac metus vitae velit egestas lacinia. Sed congue, elit sed consequat auctor, nunc nulla vulputate dui, nec tempus mauris erat eget ipsum. Suspendisse sagittis. Nullam', 'Disney'),
(56, 'Suspendisse', 'G', 136, 'amet, consectetuer adipiscing elit. Curabitur sed tortor. Integer aliquam adipiscing lacus. Ut nec urna et arcu imperdiet ullamcorper. Duis at lacus. Quisque', 'Sony'),
(57, 'sed, sapien. Nunc pulvinar arcu', 'PG-13', 178, 'ipsum porta elit, a feugiat tellus lorem eu metus. In lorem. Donec elementum, lorem ut aliquam', 'WB'),
(58, 'consectetuer ipsum', 'R', 139, 'condimentum. Donec at arcu. Vestibulum ante ipsum primis in faucibus orci luctus et ultrices posuere cubilia Curae; Donec tincidunt. Donec', 'WB'),
(59, 'ut,', 'PG', 143, 'Maecenas mi felis, adipiscing fringilla, porttitor vulputate, posuere vulputate, lacus. Cras interdum. Nunc sollicitudin commodo ipsum. Suspendisse non leo. Vivamus nibh dolor, nonummy ac, feugiat non, lobortis quis, pede. Suspendisse dui. Fusce diam nunc, ullamcorper eu, euismod ac, fermentum', 'Fox'),
(60, 'malesuada fringilla est. Mauris', 'G', 180, 'nec urna suscipit nonummy. Fusce fermentum fermentum arcu. Vestibulum ante ipsum primis in faucibus', 'Disney'),
(61, 'odio', 'PG', 155, 'amet metus. Aliquam erat volutpat. Nulla facilisis. Suspendisse commodo tincidunt nibh. Phasellus nulla. Integer vulputate, risus a ultricies adipiscing, enim mi tempor lorem, eget mollis lectus pede et risus. Quisque libero lacus, varius et, euismod et, commodo at, libero. Morbi accumsan laoreet ipsum. Curabitur consequat, lectus sit', 'Sony'),
(62, 'elit elit fermentum risus,', 'G', 135, 'enim. Mauris quis turpis vitae purus gravida sagittis. Duis gravida. Praesent eu nulla at sem molestie sodales. Mauris blandit enim consequat purus. Maecenas libero est, congue a, aliquet vel, vulputate eu, odio. Phasellus at augue id ante dictum cursus. Nunc mauris elit, dictum eu, eleifend', 'Fox'),
(63, 'netus et', 'PG', 166, 'Morbi vehicula. Pellentesque tincidunt tempus risus. Donec egestas. Duis ac arcu. Nunc mauris. Morbi non sapien molestie orci', 'Sony'),
(64, 'adipiscing non, luctus sit', 'R', 170, 'tincidunt orci quis lectus. Nullam suscipit, est ac facilisis facilisis, magna tellus faucibus leo, in lobortis tellus justo sit amet nulla. Donec non justo. Proin non massa non ante bibendum ullamcorper. Duis cursus, diam at pretium aliquet, metus urna convallis erat, eget tincidunt dui augue eu tellus. Phasellus', 'Disney'),
(65, 'arcu ac orci. Ut semper', 'PG-13', 105, 'ac, fermentum vel, mauris. Integer sem elit, pharetra ut, pharetra sed, hendrerit a, arcu. Sed et libero. Proin mi. Aliquam gravida mauris ut mi. Duis risus odio, auctor vitae, aliquet nec, imperdiet nec, leo. Morbi neque', 'WB'),
(66, 'sed,', 'G', 125, 'iaculis enim, sit amet ornare lectus justo eu arcu. Morbi sit amet massa. Quisque porttitor eros nec tellus. Nunc lectus pede, ultrices a, auctor', 'Disney'),
(67, 'Nunc lectus pede,', 'PG', 150, 'Aenean eget metus. In nec orci. Donec nibh. Quisque nonummy ipsum non arcu. Vivamus sit amet risus. Donec egestas. Aliquam', 'Sony'),
(68, 'elit erat vitae risus. Duis', 'G', 113, 'porta elit, a feugiat tellus lorem eu metus. In lorem. Donec elementum, lorem ut aliquam iaculis, lacus pede sagittis augue, eu tempor erat neque non quam. Pellentesque habitant morbi tristique', 'WB'),
(69, 'malesuada id, erat. Etiam vestibulum', 'PG', 148, 'nisl. Maecenas malesuada fringilla est. Mauris eu turpis. Nulla aliquet. Proin velit. Sed malesuada augue ut lacus. Nulla tincidunt, neque vitae semper egestas, urna justo faucibus lectus, a sollicitudin orci sem eget massa. Suspendisse eleifend. Cras sed leo. Cras vehicula aliquet libero. Integer in magna. Phasellus dolor', 'Disney'),
(70, 'Aliquam erat volutpat.', 'PG-13', 90, 'semper rutrum. Fusce dolor quam, elementum at, egestas a, scelerisque sed, sapien. Nunc pulvinar arcu et pede. Nunc sed orci lobortis augue scelerisque mollis. Phasellus libero mauris, aliquam eu, accumsan sed, facilisis vitae, orci. Phasellus', 'WB'),
(71, 'Cras', 'PG-13', 146, 'erat, in consectetuer ipsum nunc id enim. Curabitur massa. Vestibulum accumsan neque et nunc. Quisque ornare tortor at risus. Nunc ac sem ut dolor', 'WB'),
(72, 'ante bibendum ullamcorper. Duis', 'R', 144, 'pharetra. Quisque ac libero nec ligula consectetuer rhoncus. Nullam velit dui, semper et, lacinia vitae, sodales at, velit. Pellentesque ultricies dignissim lacus. Aliquam rutrum lorem ac risus. Morbi', 'Sony'),
(73, 'lorem,', 'PG-13', 168, 'lacinia. Sed congue, elit sed consequat auctor, nunc nulla vulputate dui, nec tempus mauris erat eget ipsum. Suspendisse sagittis. Nullam', 'Fox'),
(74, 'feugiat.', 'PG', 134, 'non, luctus sit amet, faucibus ut, nulla. Cras eu tellus eu augue porttitor interdum. Sed auctor odio a purus. Duis elementum, dui quis accumsan convallis, ante lectus convallis est,', 'WB'),
(75, 'vel lectus.', 'PG', 105, 'Proin vel arcu eu odio tristique pharetra. Quisque ac libero nec ligula consectetuer rhoncus. Nullam velit dui, semper et, lacinia vitae, sodales at, velit. Pellentesque ultricies dignissim lacus. Aliquam rutrum lorem ac risus. Morbi metus. Vivamus euismod urna. Nullam lobortis quam a felis ullamcorper viverra. Maecenas iaculis', 'Sony'),
(76, 'Quisque', 'R', 124, 'luctus aliquet odio. Etiam ligula tortor, dictum eu, placerat eget, venenatis a, magna. Lorem ipsum dolor sit amet, consectetuer adipiscing elit. Etiam laoreet, libero et tristique pellentesque, tellus sem mollis dui, in sodales', 'Fox'),
(77, 'vel est tempor bibendum.', 'PG-13', 134, 'dui, nec tempus mauris erat eget ipsum. Suspendisse sagittis. Nullam vitae diam. Proin dolor. Nulla semper tellus id nunc interdum feugiat. Sed nec metus facilisis lorem tristique aliquet.', 'Disney'),
(78, 'dis parturient montes, nascetur', 'PG', 167, 'cursus a, enim. Suspendisse aliquet, sem ut cursus luctus, ipsum leo elementum sem, vitae aliquam eros turpis non enim. Mauris quis turpis vitae purus gravida sagittis. Duis gravida. Praesent eu nulla at sem molestie', 'Sony'),
(79, 'at, nisi. Cum', 'G', 96, 'sit amet diam eu dolor egestas rhoncus. Proin nisl sem, consequat nec, mollis vitae, posuere at, velit. Cras lorem lorem, luctus ut,', 'Fox'),
(80, 'quam, elementum at, egestas a,', 'PG', 179, 'auctor odio a purus. Duis elementum, dui quis accumsan convallis, ante lectus convallis est, vitae sodales nisi magna sed dui. Fusce aliquam,', 'Disney'),
(81, 'Proin', 'R', 173, 'magna nec quam. Curabitur vel lectus. Cum sociis natoque penatibus et magnis dis parturient montes, nascetur ridiculus mus. Donec dignissim magna a', 'Sony'),
(82, 'purus,', 'PG-13', 114, 'eleifend, nunc risus varius orci, in consequat enim diam vel arcu. Curabitur ut odio vel est tempor bibendum. Donec felis orci, adipiscing non, luctus sit amet, faucibus ut, nulla. Cras eu tellus eu augue porttitor interdum. Sed', 'Disney'),
(83, 'ipsum non arcu.', 'R', 172, 'dignissim. Maecenas ornare egestas ligula. Nullam feugiat placerat velit. Quisque varius. Nam porttitor scelerisque neque. Nullam nisl. Maecenas malesuada fringilla est. Mauris eu', 'Fox'),
(84, 'Etiam', 'PG', 164, 'eu eros. Nam consequat dolor vitae dolor. Donec fringilla. Donec feugiat metus sit amet ante. Vivamus non lorem vitae odio sagittis semper.', 'Disney'),
(85, 'magna a tortor.', 'G', 137, 'risus. In mi pede, nonummy ut, molestie in, tempus eu, ligula. Aenean euismod mauris eu elit. Nulla facilisi. Sed neque. Sed eget lacus. Mauris non dui nec urna suscipit nonummy. Fusce fermentum fermentum', 'WB'),
(86, 'nulla ante, iaculis nec,', 'PG-13', 149, 'massa. Integer vitae nibh. Donec est mauris, rhoncus id, mollis nec, cursus a, enim. Suspendisse aliquet, sem ut cursus luctus, ipsum leo elementum sem, vitae aliquam eros turpis non', 'Disney'),
(87, 'quis massa. Mauris vestibulum, neque', 'PG-13', 151, 'Proin mi. Aliquam gravida mauris ut mi. Duis risus odio, auctor vitae, aliquet nec, imperdiet nec, leo. Morbi neque tellus, imperdiet non, vestibulum nec, euismod', 'Fox'),
(88, 'luctus lobortis. Class aptent taciti', 'R', 137, 'ac urna. Ut tincidunt vehicula risus. Nulla eget metus eu erat', 'WB'),
(89, 'dapibus gravida. Aliquam tincidunt,', 'R', 169, 'porttitor tellus non magna. Nam ligula elit, pretium et, rutrum non, hendrerit id, ante. Nunc mauris sapien, cursus in, hendrerit consectetuer, cursus et, magna. Praesent interdum ligula eu enim. Etiam imperdiet dictum magna. Ut tincidunt', 'Fox'),
(90, 'facilisi. Sed neque. Sed', 'PG', 121, 'et ultrices posuere cubilia Curae; Donec tincidunt. Donec vitae erat vel pede blandit congue. In scelerisque scelerisque', 'Sony'),
(91, 'lorem ut aliquam iaculis, lacus', 'PG', 97, 'fames ac turpis egestas. Aliquam fringilla cursus purus. Nullam scelerisque neque sed sem egestas blandit. Nam nulla magna, malesuada', 'WB'),
(92, 'dui lectus rutrum urna,', 'PG', 104, 'egestas nunc sed libero. Proin sed turpis nec mauris blandit mattis. Cras eget nisi dictum augue malesuada malesuada. Integer id magna et ipsum cursus vestibulum. Mauris magna. Duis dignissim tempor arcu. Vestibulum ut eros non enim commodo hendrerit. Donec', 'Disney'),
(93, 'ullamcorper, nisl', 'G', 147, 'eu tellus. Phasellus elit pede, malesuada vel, venenatis vel, faucibus id, libero. Donec consectetuer mauris id sapien. Cras dolor dolor, tempus non, lacinia at, iaculis quis, pede. Praesent eu dui. Cum sociis natoque penatibus et magnis dis parturient montes, nascetur ridiculus mus. Aenean eget magna. Suspendisse tristique neque venenatis', 'WB'),
(94, 'libero. Morbi', 'PG', 159, 'in lobortis tellus justo sit amet nulla. Donec non justo. Proin non massa non ante bibendum ullamcorper. Duis cursus, diam at', 'Fox'),
(95, 'non, feugiat nec, diam.', 'PG', 94, 'a nunc. In at pede. Cras vulputate velit eu sem. Pellentesque ut ipsum ac mi eleifend egestas. Sed pharetra, felis eget varius ultrices, mauris ipsum', 'Disney'),
(96, 'Mauris', 'PG', 123, 'Nam consequat dolor vitae dolor. Donec fringilla. Donec feugiat metus sit amet', 'Fox'),
(97, 'pharetra sed, hendrerit', 'G', 141, 'ultrices. Vivamus rhoncus. Donec est. Nunc ullamcorper, velit in aliquet lobortis, nisi nibh lacinia orci, consectetuer euismod est arcu ac', 'Sony'),
(98, 'Aliquam nisl. Nulla', 'PG-13', 105, 'gravida mauris ut mi. Duis risus odio, auctor vitae, aliquet nec, imperdiet nec, leo. Morbi neque tellus, imperdiet non, vestibulum nec, euismod in, dolor. Fusce feugiat. Lorem ipsum dolor sit amet, consectetuer adipiscing elit. Aliquam auctor, velit eget laoreet posuere, enim nisl elementum purus, accumsan interdum libero dui', 'WB'),
(99, 'iaculis nec,', 'PG', 120, 'nunc sed libero. Proin sed turpis nec mauris blandit mattis. Cras eget nisi dictum augue malesuada malesuada. Integer id magna et ipsum cursus vestibulum. Mauris magna. Duis dignissim tempor arcu. Vestibulum ut eros non enim commodo hendrerit. Donec porttitor tellus non magna. Nam ligula', 'WB'),
(100, 'posuere at,', 'R', 147, 'lorem ipsum sodales purus, in molestie tortor nibh sit amet orci. Ut sagittis lobortis mauris. Suspendisse aliquet molestie tellus. Aenean egestas hendrerit neque. In ornare sagittis felis. Donec tempor, est ac mattis semper, dui lectus rutrum urna, nec luctus felis purus ac tellus.', 'Sony'),
(101, 'netus et', 'R', 95, 'fringilla cursus purus. Nullam scelerisque neque sed sem egestas blandit. Nam nulla magna, malesuada vel, convallis in, cursus et, eros. Proin ultrices. Duis volutpat nunc sit amet metus. Aliquam erat volutpat. Nulla facilisis. Suspendisse commodo tincidunt nibh. Phasellus nulla. Integer vulputate, risus a ultricies adipiscing, enim', 'WB'),
(102, 'arcu ac orci. Ut', 'PG-13', 166, 'elementum, dui quis accumsan convallis, ante lectus convallis est, vitae sodales nisi magna sed dui. Fusce aliquam, enim nec tempus scelerisque, lorem ipsum sodales purus, in molestie tortor nibh sit amet orci. Ut sagittis lobortis mauris. Suspendisse aliquet molestie tellus.', 'Fox'),
(103, 'Morbi', 'R', 145, 'In tincidunt congue turpis. In condimentum. Donec at arcu. Vestibulum ante ipsum primis in faucibus orci luctus et ultrices posuere cubilia Curae; Donec tincidunt. Donec vitae erat vel pede blandit congue.', 'WB'),
(104, 'egestas ligula. Nullam', 'R', 120, 'scelerisque scelerisque dui. Suspendisse ac metus vitae velit egestas lacinia. Sed congue, elit sed consequat auctor, nunc nulla vulputate dui, nec tempus mauris erat eget ipsum. Suspendisse sagittis. Nullam vitae', 'Fox'),
(105, 'Praesent', 'G', 152, 'Cras lorem lorem, luctus ut, pellentesque eget, dictum placerat, augue. Sed molestie. Sed id risus quis diam luctus lobortis. Class aptent taciti sociosqu ad litora torquent per conubia nostra, per inceptos hymenaeos. Mauris ut', 'WB'),
(106, 'ipsum primis in', 'R', 168, 'feugiat placerat velit. Quisque varius. Nam porttitor scelerisque neque. Nullam nisl. Maecenas malesuada fringilla est. Mauris eu turpis. Nulla', 'Fox'),
(107, 'consectetuer', 'R', 140, 'pede, malesuada vel, venenatis vel, faucibus id, libero. Donec consectetuer mauris id sapien. Cras dolor', 'Sony'),
(108, 'amet', 'PG', 121, 'Nunc ac sem ut dolor dapibus gravida. Aliquam tincidunt, nunc ac mattis ornare, lectus ante dictum mi, ac mattis velit justo nec ante. Maecenas mi felis, adipiscing fringilla, porttitor vulputate, posuere vulputate, lacus.', 'WB'),
(109, 'molestie orci', 'G', 109, 'orci quis lectus. Nullam suscipit, est ac facilisis facilisis, magna tellus faucibus leo, in lobortis', 'Fox'),
(110, 'sit', 'PG', 123, 'ultricies dignissim lacus. Aliquam rutrum lorem ac risus. Morbi metus. Vivamus euismod urna. Nullam lobortis quam a felis ullamcorper viverra. Maecenas iaculis aliquet diam. Sed diam lorem, auctor quis, tristique ac, eleifend vitae, erat. Vivamus nisi. Mauris nulla.', 'Sony'),
(111, 'vel, mauris. Integer', 'R', 107, 'lorem, luctus ut, pellentesque eget, dictum placerat, augue. Sed molestie. Sed id risus quis diam luctus lobortis. Class aptent taciti sociosqu ad litora torquent per conubia nostra, per inceptos hymenaeos.', 'Disney'),
(112, 'cursus non, egestas a,', 'G', 149, 'dui quis accumsan convallis, ante lectus convallis est, vitae sodales nisi magna sed dui. Fusce aliquam, enim nec tempus scelerisque, lorem ipsum sodales', 'Sony'),
(113, 'tellus id', 'R', 149, 'urna. Vivamus molestie dapibus ligula. Aliquam erat volutpat. Nulla dignissim. Maecenas ornare egestas ligula. Nullam feugiat placerat velit. Quisque varius. Nam porttitor scelerisque neque. Nullam nisl. Maecenas malesuada fringilla est. Mauris eu turpis. Nulla aliquet. Proin velit. Sed malesuada augue ut lacus.', 'Fox'),
(114, 'arcu ac orci. Ut semper', 'G', 96, 'lacus. Aliquam rutrum lorem ac risus. Morbi metus. Vivamus euismod urna. Nullam lobortis quam a felis ullamcorper viverra. Maecenas iaculis aliquet diam. Sed', 'Fox'),
(115, 'sodales', 'PG', 148, 'nisl arcu iaculis enim, sit amet ornare lectus justo eu arcu. Morbi sit amet massa. Quisque porttitor eros nec tellus. Nunc lectus pede, ultrices a, auctor non, feugiat nec, diam. Duis mi enim, condimentum eget, volutpat', 'Fox'),
(116, 'non, lacinia at, iaculis quis,', 'PG-13', 121, 'pharetra. Quisque ac libero nec ligula consectetuer rhoncus. Nullam velit dui, semper et, lacinia vitae, sodales at, velit. Pellentesque ultricies dignissim lacus. Aliquam rutrum lorem ac risus. Morbi metus. Vivamus euismod urna. Nullam lobortis quam a felis ullamcorper viverra. Maecenas iaculis aliquet diam. Sed diam lorem, auctor quis, tristique ac,', 'Sony'),
(117, 'quam. Pellentesque habitant', 'PG-13', 97, 'tellus. Aenean egestas hendrerit neque. In ornare sagittis felis. Donec tempor, est ac mattis semper, dui lectus rutrum urna, nec luctus felis purus ac tellus. Suspendisse sed dolor. Fusce mi lorem, vehicula et, rutrum eu, ultrices sit amet, risus. Donec nibh enim, gravida sit amet, dapibus id, blandit at, nisi.', 'Fox'),
(118, 'mauris a nunc.', 'PG-13', 126, 'ornare lectus justo eu arcu. Morbi sit amet massa. Quisque porttitor eros nec tellus. Nunc lectus pede, ultrices a, auctor', 'WB'),
(119, 'malesuada vel,', 'G', 114, 'arcu imperdiet ullamcorper. Duis at lacus. Quisque purus sapien, gravida non, sollicitudin a, malesuada id, erat.', 'Fox'),
(120, 'orci,', 'PG-13', 106, 'pharetra, felis eget varius ultrices, mauris ipsum porta elit, a feugiat tellus lorem eu metus. In lorem. Donec elementum, lorem ut aliquam iaculis, lacus pede', 'Sony'),
(121, 'tincidunt. Donec vitae erat', 'PG', 145, 'lectus pede et risus. Quisque libero lacus, varius et, euismod et, commodo at, libero. Morbi accumsan laoreet ipsum. Curabitur consequat, lectus sit amet luctus vulputate, nisi sem semper erat, in consectetuer ipsum nunc id enim.', 'Sony'),
(122, 'luctus sit amet, faucibus', 'PG', 127, 'sagittis placerat. Cras dictum ultricies ligula. Nullam enim. Sed nulla ante, iaculis nec, eleifend non, dapibus rutrum, justo. Praesent luctus. Curabitur egestas nunc sed libero. Proin sed turpis nec mauris blandit mattis. Cras eget nisi dictum augue malesuada', 'WB'),
(123, 'molestie sodales. Mauris blandit enim', 'G', 115, 'ut, sem. Nulla interdum. Curabitur dictum. Phasellus in felis. Nulla tempor augue ac ipsum. Phasellus vitae mauris sit', 'Sony'),
(124, 'vehicula et, rutrum eu,', 'R', 174, 'orci lobortis augue scelerisque mollis. Phasellus libero mauris, aliquam eu, accumsan sed, facilisis vitae, orci. Phasellus dapibus quam quis diam. Pellentesque habitant morbi', 'Sony'),
(125, 'nulla vulputate dui,', 'R', 169, 'netus et malesuada fames ac turpis egestas. Fusce aliquet magna a neque. Nullam ut nisi a odio semper cursus. Integer mollis. Integer tincidunt aliquam arcu. Aliquam ultrices iaculis odio. Nam interdum enim non nisi. Aenean eget metus.', 'Sony'),
(126, 'rhoncus id, mollis', 'PG', 100, 'dapibus id, blandit at, nisi. Cum sociis natoque penatibus et magnis dis parturient montes, nascetur ridiculus mus. Proin vel nisl. Quisque fringilla euismod enim. Etiam gravida molestie arcu. Sed eu nibh vulputate mauris sagittis placerat. Cras dictum ultricies ligula. Nullam enim. Sed nulla ante,', 'WB'),
(127, 'sit amet, faucibus ut, nulla.', 'PG-13', 176, 'adipiscing fringilla, porttitor vulputate, posuere vulputate, lacus. Cras interdum. Nunc sollicitudin commodo ipsum. Suspendisse non leo. Vivamus nibh dolor, nonummy ac, feugiat non, lobortis quis, pede. Suspendisse dui. Fusce diam nunc, ullamcorper eu, euismod ac, fermentum vel, mauris. Integer sem elit,', 'WB'),
(128, 'elit. Nulla facilisi. Sed neque.', 'G', 150, 'Suspendisse tristique neque venenatis lacus. Etiam bibendum fermentum metus. Aenean sed pede nec ante blandit viverra. Donec tempus, lorem fringilla', 'Disney'),
(129, 'metus', 'PG', 175, 'ante, iaculis nec, eleifend non, dapibus rutrum, justo. Praesent luctus. Curabitur egestas nunc sed', 'Sony'),
(130, 'ultrices. Duis volutpat nunc sit', 'PG', 93, 'quis lectus. Nullam suscipit, est ac facilisis facilisis, magna tellus faucibus', 'Fox'),
(131, 'non, hendrerit', 'PG-13', 105, 'enim non nisi. Aenean eget metus. In nec orci. Donec nibh. Quisque nonummy ipsum non arcu. Vivamus sit amet risus. Donec egestas. Aliquam nec enim. Nunc ut erat. Sed nunc est, mollis non, cursus non, egestas a, dui. Cras pellentesque. Sed dictum. Proin eget', 'Sony'),
(132, 'commodo', 'R', 136, 'purus gravida sagittis. Duis gravida. Praesent eu nulla at sem molestie sodales. Mauris blandit enim consequat purus. Maecenas libero est, congue a, aliquet vel, vulputate eu, odio. Phasellus at augue id ante dictum cursus. Nunc mauris elit, dictum eu, eleifend nec, malesuada ut,', 'WB'),
(133, 'quis massa. Mauris vestibulum, neque', 'G', 109, 'nisl. Quisque fringilla euismod enim. Etiam gravida molestie arcu. Sed eu nibh vulputate mauris sagittis placerat. Cras dictum ultricies ligula. Nullam enim. Sed nulla ante, iaculis nec, eleifend non, dapibus rutrum, justo. Praesent luctus. Curabitur egestas nunc sed libero. Proin sed turpis nec mauris blandit', 'Fox'),
(134, 'turpis egestas.', 'G', 149, 'vel est tempor bibendum. Donec felis orci, adipiscing non, luctus sit amet, faucibus ut, nulla. Cras eu tellus eu augue porttitor interdum. Sed auctor odio a purus. Duis elementum, dui quis accumsan convallis, ante lectus convallis', 'Fox'),
(135, 'non massa non ante bibendum', 'G', 132, 'Nam interdum enim non nisi. Aenean eget metus. In nec orci. Donec nibh. Quisque nonummy ipsum non arcu. Vivamus sit amet risus. Donec egestas. Aliquam nec enim. Nunc ut erat. Sed nunc est, mollis non,', 'WB'),
(136, 'scelerisque dui.', 'R', 146, 'at, egestas a, scelerisque sed, sapien. Nunc pulvinar arcu et pede. Nunc sed orci lobortis augue scelerisque mollis. Phasellus libero mauris, aliquam eu, accumsan sed, facilisis vitae, orci. Phasellus', 'Sony'),
(137, 'accumsan sed, facilisis vitae, orci.', 'PG', 177, 'et arcu imperdiet ullamcorper. Duis at lacus. Quisque purus sapien, gravida non, sollicitudin a, malesuada id, erat. Etiam vestibulum', 'Sony'),
(138, 'porttitor scelerisque', 'G', 130, 'arcu vel quam dignissim pharetra. Nam ac nulla. In tincidunt congue turpis. In condimentum. Donec at arcu. Vestibulum ante ipsum primis in faucibus orci luctus et', 'WB'),
(139, 'bibendum sed,', 'R', 142, 'Donec porttitor tellus non magna. Nam ligula elit, pretium et, rutrum non, hendrerit id, ante. Nunc mauris sapien, cursus in, hendrerit consectetuer,', 'Disney'),
(140, 'lacinia at, iaculis', 'PG', 109, 'Duis mi enim, condimentum eget, volutpat ornare, facilisis eget, ipsum. Donec sollicitudin adipiscing ligula. Aenean gravida nunc sed pede. Cum sociis', 'Disney'),
(141, 'Lorem ipsum dolor sit', 'PG', 133, 'aptent taciti sociosqu ad litora torquent per conubia nostra, per inceptos hymenaeos.', 'Fox'),
(142, 'nulla', 'PG', 124, 'sociis natoque penatibus et magnis dis parturient montes, nascetur ridiculus mus. Proin vel arcu eu odio tristique pharetra. Quisque ac libero nec ligula consectetuer rhoncus. Nullam velit dui, semper et, lacinia vitae, sodales at, velit. Pellentesque', 'Fox'),
(143, 'elementum at,', 'PG-13', 160, 'mauris erat eget ipsum. Suspendisse sagittis. Nullam vitae diam. Proin dolor. Nulla semper tellus id nunc interdum feugiat. Sed nec metus facilisis lorem tristique aliquet. Phasellus fermentum convallis ligula. Donec luctus aliquet odio. Etiam ligula tortor, dictum eu, placerat eget, venenatis a, magna. Lorem ipsum dolor sit amet, consectetuer', 'Disney'),
(144, 'vitae', 'PG', 147, 'ac metus vitae velit egestas lacinia. Sed congue, elit sed consequat auctor, nunc nulla vulputate dui, nec tempus mauris erat eget ipsum. Suspendisse sagittis. Nullam vitae diam. Proin dolor. Nulla semper tellus id nunc interdum feugiat. Sed nec metus', 'Disney'),
(145, 'Nam nulla magna,', 'R', 105, 'Quisque tincidunt pede ac urna. Ut tincidunt vehicula risus. Nulla eget metus eu erat semper', 'Fox'),
(146, 'at pede. Cras', 'G', 172, 'dignissim tempor arcu. Vestibulum ut eros non enim commodo hendrerit. Donec porttitor tellus non magna. Nam ligula elit, pretium et, rutrum non, hendrerit id, ante. Nunc mauris sapien, cursus in, hendrerit consectetuer, cursus et, magna. Praesent interdum ligula eu enim. Etiam imperdiet dictum magna. Ut tincidunt orci quis lectus. Nullam', 'Sony'),
(147, 'quis urna. Nunc', 'PG-13', 130, 'augue ac ipsum. Phasellus vitae mauris sit amet lorem semper auctor. Mauris vel turpis. Aliquam', 'WB'),
(148, 'pede', 'G', 153, 'sit amet, faucibus ut, nulla. Cras eu tellus eu augue porttitor interdum. Sed auctor odio a purus. Duis elementum, dui quis accumsan convallis, ante lectus convallis est, vitae sodales nisi magna sed dui. Fusce aliquam, enim nec tempus scelerisque, lorem ipsum sodales purus, in molestie tortor nibh sit amet orci.', 'WB'),
(149, 'orci quis', 'R', 159, 'metus. Vivamus euismod urna. Nullam lobortis quam a felis ullamcorper', 'WB'),
(150, 'ligula consectetuer rhoncus. Nullam', 'R', 145, 'consequat nec, mollis vitae, posuere at, velit. Cras lorem lorem, luctus ut, pellentesque eget, dictum placerat, augue. Sed molestie. Sed id risus quis diam luctus lobortis. Class aptent taciti sociosqu ad litora torquent per conubia nostra, per inceptos hymenaeos.', 'Disney'),
(151, 'molestie tellus. Aenean egestas hendrerit', 'PG', 163, 'dictum sapien. Aenean massa. Integer vitae nibh. Donec est mauris, rhoncus id, mollis nec, cursus a, enim. Suspendisse aliquet,', 'Sony'),
(152, 'natoque penatibus', 'G', 137, 'Proin eget odio. Aliquam vulputate ullamcorper magna. Sed eu eros. Nam consequat dolor vitae dolor. Donec fringilla. Donec feugiat metus sit amet ante. Vivamus non lorem vitae odio sagittis semper. Nam tempor diam dictum sapien. Aenean massa. Integer vitae nibh. Donec', 'Fox'),
(153, 'tincidunt aliquam arcu. Aliquam ultrices', 'PG', 160, 'Donec tempor, est ac mattis semper, dui lectus rutrum urna, nec luctus felis purus ac tellus. Suspendisse sed dolor. Fusce mi lorem, vehicula et, rutrum eu, ultrices sit amet, risus. Donec nibh enim, gravida sit amet,', 'Fox'),
(154, 'vel, mauris.', 'PG', 115, 'eu enim. Etiam imperdiet dictum magna. Ut tincidunt orci quis lectus. Nullam suscipit, est ac facilisis facilisis, magna tellus faucibus leo, in lobortis tellus justo sit amet nulla. Donec non justo.', 'WB'),
(155, 'vitae nibh. Donec est', 'PG-13', 161, 'dignissim pharetra. Nam ac nulla. In tincidunt congue turpis. In condimentum. Donec at arcu. Vestibulum ante ipsum primis in faucibus orci luctus', 'Sony'),
(156, 'molestie. Sed id', 'R', 115, 'bibendum. Donec felis orci, adipiscing non, luctus sit amet, faucibus ut, nulla. Cras eu tellus eu augue porttitor interdum. Sed auctor odio a purus. Duis elementum, dui quis accumsan', 'WB'),
(157, 'risus odio, auctor vitae,', 'PG', 107, 'sit amet, dapibus id, blandit at, nisi. Cum sociis natoque penatibus et magnis dis parturient montes, nascetur ridiculus mus. Proin vel nisl. Quisque fringilla euismod enim. Etiam gravida molestie arcu. Sed eu nibh vulputate mauris sagittis placerat. Cras dictum ultricies ligula. Nullam enim. Sed nulla ante, iaculis', 'Fox'),
(158, 'non nisi. Aenean', 'PG-13', 161, 'hendrerit neque. In ornare sagittis felis. Donec tempor, est ac mattis semper, dui lectus rutrum urna, nec luctus felis purus ac tellus. Suspendisse sed dolor. Fusce mi', 'Disney'),
(159, 'convallis', 'PG-13', 106, 'Curabitur sed tortor. Integer aliquam adipiscing lacus. Ut nec urna et arcu imperdiet ullamcorper. Duis at lacus. Quisque purus sapien, gravida non, sollicitudin a, malesuada id, erat. Etiam vestibulum massa rutrum magna. Cras convallis convallis dolor. Quisque tincidunt pede ac urna. Ut tincidunt vehicula risus. Nulla eget metus', 'Disney'),
(160, 'Pellentesque ut', 'G', 95, 'est ac mattis semper, dui lectus rutrum urna, nec luctus felis purus ac tellus. Suspendisse sed dolor. Fusce mi lorem, vehicula et, rutrum eu, ultrices sit amet, risus. Donec nibh enim, gravida sit amet, dapibus id, blandit at, nisi. Cum sociis natoque penatibus et magnis dis parturient', 'WB'),
(161, 'Class', 'PG-13', 162, 'a, magna. Lorem ipsum dolor sit amet, consectetuer adipiscing elit. Etiam laoreet, libero et tristique pellentesque, tellus sem mollis dui, in sodales elit erat vitae risus. Duis a mi fringilla mi lacinia mattis. Integer eu lacus. Quisque imperdiet, erat nonummy ultricies ornare, elit elit fermentum risus, at fringilla', 'WB'),
(162, 'mollis', 'R', 139, 'Cras eu tellus eu augue porttitor interdum. Sed auctor odio a purus. Duis elementum, dui quis accumsan convallis,', 'WB'),
(163, 'Nunc pulvinar arcu', 'PG', 110, 'mauris blandit mattis. Cras eget nisi dictum augue malesuada malesuada. Integer id magna et ipsum cursus vestibulum. Mauris magna. Duis dignissim tempor arcu. Vestibulum ut eros non enim commodo hendrerit.', 'Sony'),
(164, 'volutpat nunc', 'PG-13', 157, 'sed, hendrerit a, arcu. Sed et libero. Proin mi. Aliquam gravida mauris ut mi. Duis risus odio, auctor vitae, aliquet nec, imperdiet nec, leo. Morbi neque tellus, imperdiet non, vestibulum nec, euismod in, dolor. Fusce', 'Sony'),
(165, 'tristique senectus et netus', 'R', 167, 'euismod et, commodo at, libero. Morbi accumsan laoreet ipsum. Curabitur consequat, lectus sit amet luctus vulputate, nisi sem semper erat, in consectetuer ipsum nunc id enim. Curabitur massa. Vestibulum accumsan neque et nunc. Quisque ornare tortor at risus. Nunc ac', 'WB'),
(166, 'lorem eu', 'R', 174, 'dui. Cum sociis natoque penatibus et magnis dis parturient montes, nascetur ridiculus mus. Aenean eget magna. Suspendisse tristique neque venenatis lacus.', 'WB'),
(167, 'mi enim, condimentum eget, volutpat', 'PG-13', 101, 'magna. Duis dignissim tempor arcu. Vestibulum ut eros non enim commodo hendrerit. Donec porttitor tellus non magna. Nam ligula elit, pretium et, rutrum non, hendrerit id, ante. Nunc mauris', 'Sony'),
(168, 'mus. Donec', 'PG', 147, 'eget ipsum. Suspendisse sagittis. Nullam vitae diam. Proin dolor. Nulla semper tellus id nunc interdum feugiat. Sed nec metus facilisis lorem tristique aliquet. Phasellus', 'Fox'),
(169, 'Nulla dignissim. Maecenas ornare egestas', 'PG', 93, 'ornare placerat, orci lacus vestibulum lorem, sit amet ultricies sem magna nec quam.', 'Fox'),
(170, 'ultrices', 'R', 160, 'aptent taciti sociosqu ad litora torquent per conubia nostra, per inceptos hymenaeos. Mauris ut quam vel sapien imperdiet ornare. In faucibus. Morbi vehicula. Pellentesque tincidunt', 'WB'),
(171, 'pretium et, rutrum', 'G', 113, 'est. Mauris eu turpis. Nulla aliquet. Proin velit. Sed malesuada augue ut lacus. Nulla tincidunt, neque vitae semper egestas, urna justo faucibus lectus, a sollicitudin orci sem eget massa. Suspendisse eleifend. Cras sed leo. Cras vehicula aliquet', 'Disney'),
(172, 'sit amet ante. Vivamus non', 'PG', 96, 'pretium et, rutrum non, hendrerit id, ante. Nunc mauris sapien, cursus in, hendrerit consectetuer, cursus et, magna. Praesent interdum ligula eu enim. Etiam imperdiet dictum magna. Ut tincidunt orci quis lectus. Nullam suscipit, est', 'WB'),
(173, 'Nullam enim. Sed nulla', 'R', 92, 'fermentum arcu. Vestibulum ante ipsum primis in faucibus orci luctus et ultrices posuere cubilia Curae; Phasellus ornare. Fusce mollis. Duis sit amet diam eu dolor egestas rhoncus. Proin nisl', 'Sony'),
(174, 'enim, condimentum', 'PG-13', 125, 'lectus quis massa. Mauris vestibulum, neque sed dictum eleifend, nunc risus varius orci, in consequat enim diam', 'WB'),
(175, 'luctus vulputate, nisi sem semper', 'PG', 166, 'non quam. Pellentesque habitant morbi tristique senectus et netus et malesuada fames ac turpis egestas. Aliquam fringilla cursus purus. Nullam scelerisque neque sed sem egestas blandit. Nam nulla magna, malesuada vel, convallis in,', 'Sony'),
(176, 'aliquet vel,', 'PG', 127, 'urna suscipit nonummy. Fusce fermentum fermentum arcu. Vestibulum ante ipsum primis in faucibus', 'Fox'),
(177, 'sit amet, consectetuer', 'PG', 122, 'amet risus. Donec egestas. Aliquam nec enim. Nunc ut erat. Sed nunc est, mollis', 'Fox'),
(178, 'ac', 'G', 161, 'aliquet odio. Etiam ligula tortor, dictum eu, placerat eget, venenatis a, magna. Lorem ipsum dolor', 'WB'),
(179, 'lacus. Mauris non dui nec', 'G', 167, 'Fusce mollis. Duis sit amet diam eu dolor egestas rhoncus. Proin nisl', 'Disney'),
(180, 'penatibus', 'PG-13', 144, 'eget varius ultrices, mauris ipsum porta elit, a feugiat tellus lorem eu metus. In lorem. Donec elementum, lorem ut aliquam iaculis, lacus pede sagittis augue, eu tempor erat neque non quam. Pellentesque habitant morbi', 'WB'),
(181, 'ad litora torquent per conubia', 'R', 121, 'metus. Vivamus euismod urna. Nullam lobortis quam a felis ullamcorper viverra. Maecenas iaculis aliquet diam. Sed diam lorem, auctor quis, tristique ac, eleifend vitae, erat. Vivamus nisi. Mauris nulla. Integer urna. Vivamus molestie dapibus ligula.', 'Disney'),
(182, 'a,', 'PG-13', 167, 'dolor. Quisque tincidunt pede ac urna. Ut tincidunt vehicula risus. Nulla eget metus eu erat semper rutrum. Fusce dolor quam, elementum at, egestas a, scelerisque sed, sapien. Nunc pulvinar arcu et pede. Nunc sed orci lobortis augue scelerisque mollis. Phasellus libero mauris,', 'Fox'),
(183, 'ac, fermentum vel, mauris.', 'G', 167, 'quis accumsan convallis, ante lectus convallis est, vitae sodales nisi magna sed dui. Fusce aliquam, enim nec tempus scelerisque,', 'Disney'),
(184, 'est mauris,', 'PG-13', 91, 'Vivamus nibh dolor, nonummy ac, feugiat non, lobortis quis, pede. Suspendisse dui. Fusce diam nunc, ullamcorper eu, euismod ac, fermentum vel, mauris. Integer sem elit, pharetra', 'Sony'),
(185, 'posuere', 'G', 136, 'Mauris non dui nec urna suscipit nonummy. Fusce fermentum fermentum arcu. Vestibulum ante ipsum primis in faucibus orci luctus et ultrices posuere cubilia Curae; Phasellus ornare. Fusce mollis. Duis sit amet diam eu dolor egestas rhoncus.', 'Disney'),
(186, 'erat, in', 'G', 173, 'vulputate, posuere vulputate, lacus. Cras interdum. Nunc sollicitudin commodo ipsum. Suspendisse non leo. Vivamus nibh dolor, nonummy ac, feugiat non, lobortis quis, pede. Suspendisse dui. Fusce diam nunc,', 'Disney'),
(187, 'tincidunt.', 'PG-13', 149, 'luctus ut, pellentesque eget, dictum placerat, augue. Sed molestie. Sed id risus quis diam luctus', 'Fox'),
(188, 'feugiat. Sed nec metus', 'PG-13', 109, 'ligula. Aenean gravida nunc sed pede. Cum sociis natoque penatibus et magnis dis parturient montes,', 'WB'),
(189, 'et magnis', 'R', 169, 'lacinia mattis. Integer eu lacus. Quisque imperdiet, erat nonummy ultricies ornare, elit elit fermentum risus, at fringilla purus mauris a nunc. In at pede. Cras vulputate velit eu sem. Pellentesque ut ipsum ac mi eleifend egestas. Sed pharetra, felis eget', 'Sony'),
(190, 'neque.', 'R', 157, 'et ultrices posuere cubilia Curae; Phasellus ornare. Fusce mollis. Duis sit amet diam eu dolor egestas rhoncus. Proin nisl sem,', 'Fox'),
(191, 'bibendum. Donec felis orci, adipiscing', 'PG', 95, 'vel turpis. Aliquam adipiscing lobortis risus. In mi pede, nonummy ut, molestie in, tempus eu, ligula. Aenean euismod mauris eu elit.', 'Sony'),
(192, 'ac ipsum. Phasellus vitae mauris', 'R', 92, 'ut, nulla. Cras eu tellus eu augue porttitor interdum. Sed auctor odio a purus. Duis elementum, dui quis accumsan convallis, ante lectus convallis est, vitae sodales nisi magna sed', 'Sony'),
(193, 'nec, mollis', 'R', 162, 'Fusce aliquam, enim nec tempus scelerisque, lorem ipsum sodales purus, in molestie tortor nibh sit amet orci. Ut sagittis lobortis mauris. Suspendisse aliquet molestie tellus. Aenean egestas hendrerit neque. In ornare sagittis felis. Donec tempor, est ac', 'WB'),
(194, 'aptent taciti sociosqu ad litora', 'PG-13', 133, 'dui. Suspendisse ac metus vitae velit egestas lacinia. Sed congue, elit sed consequat auctor, nunc nulla vulputate dui, nec tempus mauris erat eget ipsum. Suspendisse sagittis. Nullam vitae diam. Proin dolor.', 'Fox'),
(195, 'facilisis', 'G', 106, 'Mauris blandit enim consequat purus. Maecenas libero est, congue a, aliquet vel, vulputate eu, odio. Phasellus at augue id ante dictum cursus. Nunc mauris elit,', 'Fox'),
(196, 'tellus id nunc interdum feugiat.', 'PG-13', 123, 'a mi fringilla mi lacinia mattis. Integer eu lacus. Quisque imperdiet, erat nonummy ultricies ornare, elit elit fermentum risus, at fringilla purus mauris a nunc. In at pede. Cras vulputate velit eu sem. Pellentesque ut ipsum ac mi', 'Disney'),
(197, 'elit elit fermentum risus, at', 'PG-13', 178, 'Nullam velit dui, semper et, lacinia vitae, sodales at, velit. Pellentesque ultricies dignissim lacus. Aliquam rutrum lorem ac risus. Morbi metus. Vivamus euismod urna. Nullam lobortis quam a felis ullamcorper viverra. Maecenas iaculis aliquet diam. Sed diam lorem, auctor quis, tristique ac, eleifend vitae, erat. Vivamus nisi. Mauris', 'Disney'),
(198, 'magna a neque. Nullam', 'G', 166, 'semper rutrum. Fusce dolor quam, elementum at, egestas a, scelerisque sed, sapien. Nunc pulvinar arcu et pede. Nunc sed orci lobortis augue scelerisque mollis. Phasellus libero mauris, aliquam eu, accumsan sed, facilisis vitae, orci. Phasellus dapibus quam', 'Fox'),
(199, 'Nam interdum enim non', 'R', 117, 'odio. Phasellus at augue id ante dictum cursus. Nunc mauris elit,', 'WB');
INSERT INTO `movies` (`id`, `title`, `rating`, `runtime`, `plot`, `studio`) VALUES
(200, 'posuere', 'R', 125, 'amet ante. Vivamus non lorem vitae odio sagittis semper. Nam tempor diam', 'WB'),
(201, 'eu metus. In lorem. Donec', 'G', 178, 'dictum mi, ac mattis velit justo nec ante. Maecenas mi felis, adipiscing fringilla,', 'WB'),
(202, 'Quisque porttitor eros nec tellus.', 'PG', 159, 'lorem ut aliquam iaculis, lacus pede sagittis augue, eu tempor erat neque non quam. Pellentesque habitant morbi tristique senectus et netus et malesuada fames ac turpis egestas. Aliquam fringilla cursus purus. Nullam scelerisque neque sed sem egestas blandit. Nam nulla', 'Disney');

-- --------------------------------------------------------

--
-- Table structure for table `review`
--

CREATE TABLE IF NOT EXISTS `review` (
  `id` int(11) NOT NULL,
  `uId` int(11) DEFAULT NULL,
  `reviewText` varchar(500) DEFAULT NULL,
  `rating` int(11) DEFAULT NULL
) ENGINE=InnoDB AUTO_INCREMENT=319 DEFAULT CHARSET=latin1;

--
-- Dumping data for table `review`
--

INSERT INTO `review` (`id`, `uId`, `reviewText`, `rating`) VALUES
(1, 1, 'This is a very good movie if I do say so myself', 10),
(2, 2, 'this movie is terrible', 0),
(3, 176, 'torquent per conubia nostra, per inceptos hymenaeos. Mauris ut quam vel sapien imperdiet ornare. In faucibus. Morbi vehicula. Pellentesque tincidunt tempus risus. Donec', 3),
(4, 67, 'Nam ac nulla. In tincidunt congue turpis. In condimentum. Donec at arcu. Vestibulum ante ipsum primis in faucibus orci luctus et ultrices posuere cubilia Curae; Donec tincidunt. Donec vitae erat vel pede blandit congue. In scelerisque scelerisque dui. Suspendisse ac metus vitae velit egestas lacinia. Sed congue, elit sed consequat auctor, nunc nulla vulputate dui, nec tempus mauris erat eget ipsum. Suspendisse sagittis. Nullam vitae diam. Proin dolor. Nulla semper tellus id nunc interdum feugiat', 3),
(5, 61, 'id sapien. Cras dolor dolor, tempus non, lacinia at, iaculis quis, pede. Praesent eu dui. Cum sociis natoque penatibus et magnis dis parturient montes, nascetur ridiculus mus. Aenean eget magna. Suspendisse tristique neque venenatis lacus. Etiam bibendum fermentum metus. Aenean sed pede nec ante blandit viverra. Donec tempus, lorem fringilla ornare placerat, orci lacus vestibulum lorem, sit amet ultricies sem magna nec quam. Curabitur vel lectus. Cum sociis natoque penatibus et magnis dis partur', 9),
(6, 138, 'varius ultrices, mauris ipsum porta elit, a feugiat tellus lorem eu metus. In lorem. Donec elementum, lorem ut aliquam iaculis, lacus pede sagittis augue, eu tempor erat neque non quam. Pellentesque habitant morbi tristique senectus et netus et malesuada fames ac turpis egestas. Aliquam fringilla cursus purus. Nullam scelerisque neque sed sem egestas blandit. Nam nulla magna, malesuada vel, convallis in, cursus et, eros. Proin ultrices. Duis volutpat nunc sit', 1),
(7, 164, 'lorem semper auctor. Mauris vel turpis. Aliquam adipiscing lobortis risus. In mi pede, nonummy ut, molestie in, tempus eu, ligula. Aenean euismod mauris eu elit. Nulla facilisi. Sed neque. Sed eget lacus. Mauris non dui nec urna suscipit nonummy. Fusce fermentum fermentum arcu. Vestibulum ante ipsum primis in', 6),
(8, 126, 'tellus faucibus leo, in lobortis tellus justo sit amet nulla. Donec non justo. Proin non massa non ante bibendum ullamcorper. Duis cursus, diam at pretium aliquet, metus urna convallis erat, eget tincidunt dui augue eu tellus. Phasellus elit pede, malesuada vel, venenatis vel, faucibus id, libero. Donec consectetuer', 2),
(9, 32, 'rutrum, justo. Praesent luctus. Curabitur egestas nunc sed libero. Proin sed turpis nec mauris blandit mattis. Cras eget nisi dictum augue malesuada malesuada. Integer id magna et ipsum cursus vestibulum. Mauris magna. Duis dignissim tempor arcu. Vestibulum ut eros non enim commodo hendrerit. Donec porttitor tellus non magna. Nam ligula elit, pretium et, rutrum non, hendrerit id, ante. Nunc mauris sapien, cursus in, hendrerit consectetuer, cursus et, magna. Praesent interdum ligula eu enim. Etia', 10),
(10, 4, 'neque sed sem egestas blandit. Nam nulla magna, malesuada vel, convallis in, cursus et,', 9),
(11, 100, 'luctus aliquet odio. Etiam ligula tortor, dictum eu, placerat eget, venenatis a, magna. Lorem ipsum dolor sit amet, consectetuer adipiscing elit. Etiam laoreet, libero et tristique pellentesque, tellus sem mollis dui, in sodales elit erat vitae risus. Duis a mi fringilla mi lacinia mattis. Integer', 3),
(12, 40, 'Donec tempus, lorem fringilla ornare placerat, orci lacus vestibulum lorem, sit amet ultricies sem magna nec quam. Curabitur vel lectus. Cum sociis natoque penatibus et magnis dis parturient montes, nascetur ridiculus mus. Donec dignissim magna a tortor. Nunc commodo auctor velit. Aliquam nisl. Nulla eu neque pellentesque massa lobortis ultrices.', 9),
(13, 25, 'diam dictum sapien. Aenean massa. Integer vitae nibh. Donec est mauris, rhoncus id, mollis nec, cursus a, enim. Suspendisse aliquet, sem ut cursus luctus, ipsum leo elementum sem, vitae aliquam eros turpis non enim. Mauris quis turpis vitae purus gravida sagittis. Duis gravida. Praesent eu nulla at sem molestie sodales. Mauris blandit enim consequat purus. Maecenas libero est, congue a, aliquet vel, vulputate eu, odio. Phasellus at augue id ante dictum cursus. Nunc mauris elit, dictum eu, eleife', 2),
(14, 156, 'senectus et netus et malesuada fames ac turpis egestas. Aliquam fringilla cursus purus. Nullam scelerisque neque sed sem egestas blandit. Nam nulla magna, malesuada vel, convallis in, cursus et, eros. Proin ultrices. Duis volutpat nunc sit amet metus. Aliquam erat volutpat. Nulla facilisis. Suspendisse commodo tincidunt nibh. Phasellus nulla. Integer vulputate, risus a ultricies adipiscing, enim mi tempor lorem,', 7),
(15, 166, 'tristique senectus et netus et malesuada fames ac turpis egestas. Aliquam fringilla cursus purus. Nullam scelerisque neque sed sem egestas blandit. Nam nulla magna, malesuada vel, convallis in, cursus et, eros. Proin ultrices. Duis volutpat nunc sit amet metus. Aliquam erat volutpat. Nulla facilisis. Suspendisse commodo tincidunt nibh. Phasellus nulla. Integer vulputate, risus a ultricies adipiscing, enim mi tempor lorem, eget mollis lectus pede et risus. Quisque libero', 9),
(16, 68, 'erat volutpat. Nulla facilisis. Suspendisse commodo tincidunt nibh. Phasellus nulla. Integer vulputate, risus a ultricies adipiscing, enim mi tempor lorem, eget mollis lectus pede et risus. Quisque libero lacus, varius et, euismod et, commodo at, libero. Morbi accumsan laoreet ipsum. Curabitur consequat, lectus sit amet luctus vulputate, nisi sem', 6),
(17, 98, 'sed consequat auctor, nunc nulla vulputate dui, nec tempus mauris erat', 5),
(18, 164, 'nulla vulputate dui, nec tempus mauris erat eget ipsum. Suspendisse sagittis. Nullam vitae diam. Proin dolor. Nulla semper tellus id nunc interdum feugiat. Sed nec metus facilisis lorem tristique aliquet. Phasellus fermentum convallis ligula. Donec luctus aliquet odio. Etiam ligula tortor, dictum eu, placerat eget, venenatis a, magna. Lorem ipsum dolor sit amet, consectetuer adipiscing elit. Etiam laoreet, libero et tristique pellentesque, tellus sem mollis dui, in sodales elit erat vitae risus.', 5),
(19, 26, 'dictum augue malesuada malesuada. Integer id magna et ipsum cursus vestibulum. Mauris magna. Duis dignissim tempor', 10),
(20, 26, 'odio sagittis semper. Nam tempor diam dictum sapien. Aenean massa. Integer vitae nibh. Donec est mauris, rhoncus id, mollis nec, cursus a, enim. Suspendisse aliquet, sem ut cursus luctus, ipsum leo elementum sem, vitae aliquam eros turpis non enim. Mauris quis turpis vitae purus gravida sagittis. Duis gravida. Praesent eu nulla at sem molestie sodales. Mauris blandit enim consequat purus. Maecenas libero est, congue a, aliquet vel, vulputate eu, odio. Phasellus at augue id ante dictum cursus. Nu', 6),
(21, 93, 'Nunc laoreet lectus quis massa. Mauris vestibulum, neque sed dictum eleifend, nunc risus varius orci, in consequat enim diam vel arcu. Curabitur ut odio vel est tempor bibendum. Donec felis orci, adipiscing non, luctus sit amet, faucibus ut, nulla. Cras eu tellus eu augue porttitor interdum. Sed auctor odio a purus. Duis elementum, dui quis accumsan convallis, ante lectus convallis est, vitae sodales nisi magna sed dui. Fusce aliquam, enim', 8),
(22, 201, 'natoque penatibus et magnis dis parturient montes, nascetur ridiculus mus. Aenean eget magna. Suspendisse tristique neque venenatis lacus. Etiam', 7),
(23, 147, 'tellus sem mollis dui, in sodales elit erat vitae risus. Duis a mi fringilla mi lacinia mattis. Integer eu lacus. Quisque imperdiet, erat nonummy', 5),
(24, 101, 'ridiculus mus. Proin vel arcu eu odio tristique pharetra. Quisque ac libero nec ligula consectetuer rhoncus. Nullam velit dui, semper et, lacinia vitae, sodales at, velit. Pellentesque ultricies dignissim lacus. Aliquam rutrum lorem ac risus. Morbi metus. Vivamus euismod urna. Nullam lobortis quam a felis ullamcorper viverra.', 3),
(25, 150, 'lobortis, nisi nibh lacinia orci, consectetuer euismod est arcu ac orci. Ut semper pretium neque. Morbi quis urna. Nunc quis arcu vel quam dignissim pharetra. Nam ac nulla. In tincidunt congue turpis. In condimentum. Donec at arcu. Vestibulum ante ipsum primis in faucibus orci luctus et ultrices posuere cubilia Curae; Donec tincidunt. Donec vitae erat vel pede blandit', 9),
(26, 52, 'Nunc laoreet lectus quis massa. Mauris vestibulum, neque sed dictum eleifend, nunc risus varius orci, in consequat enim diam vel arcu. Curabitur ut odio vel est tempor bibendum. Donec felis orci, adipiscing non, luctus sit amet, faucibus ut, nulla.', 10),
(27, 155, 'ut, pellentesque eget, dictum placerat, augue. Sed molestie. Sed id risus quis diam luctus lobortis. Class aptent taciti sociosqu ad litora torquent per conubia nostra, per inceptos hymenaeos. Mauris ut quam vel sapien imperdiet ornare. In faucibus. Morbi vehicula. Pellentesque tincidunt tempus risus. Donec egestas. Duis', 7),
(28, 176, 'vel est tempor bibendum. Donec felis orci, adipiscing non, luctus sit amet, faucibus ut, nulla. Cras eu tellus eu augue porttitor interdum. Sed auctor odio a purus. Duis elementum, dui quis accumsan convallis, ante lectus convallis est, vitae sodales nisi magna sed dui. Fusce aliquam, enim nec tempus scelerisque, lorem ipsum sodales purus, in molestie tortor nibh sit amet orci. Ut sagittis lobortis mauris. Suspendisse aliquet molestie tellus. Aenean egestas hendrerit neque. In ornare sagittis fe', 1),
(29, 176, 'enim. Etiam gravida molestie arcu. Sed eu nibh vulputate mauris sagittis placerat. Cras dictum ultricies ligula. Nullam enim. Sed nulla ante, iaculis nec, eleifend non, dapibus rutrum, justo. Praesent luctus. Curabitur egestas nunc sed libero. Proin sed turpis nec mauris blandit mattis. Cras eget nisi dictum augue malesuada malesuada. Integer id magna et ipsum cursus vestibulum. Mauris magna. Duis dignissim tempor arcu.', 2),
(30, 118, 'Curae; Donec tincidunt. Donec vitae erat vel pede blandit congue. In scelerisque scelerisque dui. Suspendisse ac metus vitae velit egestas lacinia. Sed congue, elit sed consequat auctor, nunc nulla vulputate dui, nec tempus mauris erat eget ipsum. Suspendisse sagittis. Nullam vitae diam. Proin dolor. Nulla semper tellus id nunc interdum feugiat. Sed nec metus facilisis lorem tristique aliquet. Phasellus fermentum convallis ligula. Donec luctus aliquet odio. Etiam ligula tortor, dictum eu, placer', 7),
(31, 116, 'orci. Ut sagittis lobortis mauris. Suspendisse aliquet molestie tellus. Aenean egestas hendrerit neque. In ornare sagittis felis. Donec tempor, est ac mattis semper, dui lectus rutrum', 4),
(32, 143, 'Proin nisl sem, consequat nec, mollis vitae, posuere at, velit. Cras lorem lorem, luctus ut, pellentesque eget, dictum placerat, augue. Sed molestie. Sed id risus quis diam luctus lobortis. Class aptent taciti sociosqu ad litora torquent per conubia nostra, per inceptos hymenaeos. Mauris ut quam vel sapien imperdiet ornare. In faucibus. Morbi vehicula. Pellentesque tincidunt tempus risus. Donec egestas. Duis ac arcu. Nunc mauris. Morbi non sapien molestie orci tincidunt adipiscing. Mauris molest', 8),
(33, 126, 'erat volutpat. Nulla dignissim. Maecenas ornare egestas ligula. Nullam feugiat placerat velit. Quisque varius. Nam porttitor scelerisque neque. Nullam nisl. Maecenas malesuada fringilla est. Mauris eu turpis. Nulla aliquet. Proin velit. Sed malesuada augue ut lacus. Nulla tincidunt, neque vitae semper', 8),
(34, 98, 'fermentum risus, at fringilla purus mauris a nunc. In at pede. Cras vulputate velit eu sem. Pellentesque ut ipsum ac mi eleifend', 6),
(35, 191, 'vel nisl. Quisque fringilla euismod enim. Etiam gravida molestie arcu. Sed eu nibh vulputate mauris sagittis placerat. Cras dictum ultricies ligula. Nullam enim. Sed nulla ante, iaculis nec, eleifend non, dapibus rutrum, justo. Praesent luctus. Curabitur egestas nunc sed libero. Proin sed turpis nec mauris blandit mattis. Cras', 8),
(36, 84, 'leo. Vivamus nibh dolor, nonummy ac, feugiat non, lobortis quis, pede. Suspendisse dui. Fusce diam nunc, ullamcorper eu, euismod ac, fermentum vel, mauris. Integer sem elit, pharetra ut, pharetra sed, hendrerit a, arcu. Sed et libero. Proin mi. Aliquam gravida mauris ut mi. Duis risus odio, auctor', 8),
(37, 57, 'Donec elementum, lorem ut aliquam iaculis, lacus pede sagittis augue, eu tempor erat neque non quam. Pellentesque habitant morbi tristique senectus et netus et malesuada fames ac turpis egestas. Aliquam fringilla cursus purus. Nullam scelerisque neque sed sem egestas blandit. Nam nulla magna, malesuada vel, convallis in, cursus et, eros. Proin ultrices. Duis volutpat nunc sit amet metus. Aliquam erat volutpat. Nulla facilisis. Suspendisse commodo tincidunt nibh. Phasellus nulla. Integer vulputat', 3),
(38, 178, 'convallis, ante lectus convallis est, vitae sodales nisi magna sed dui. Fusce aliquam, enim nec tempus scelerisque, lorem ipsum sodales purus, in molestie tortor nibh sit amet orci. Ut sagittis lobortis mauris. Suspendisse aliquet molestie tellus. Aenean egestas hendrerit neque. In ornare sagittis felis. Donec tempor, est ac mattis semper, dui', 3),
(39, 162, 'Cras eget nisi dictum augue malesuada malesuada. Integer id magna et ipsum cursus vestibulum. Mauris magna. Duis dignissim tempor arcu. Vestibulum ut eros non enim commodo hendrerit. Donec porttitor tellus non magna. Nam ligula elit, pretium et, rutrum non, hendrerit id, ante. Nunc mauris sapien, cursus in, hendrerit consectetuer, cursus et, magna. Praesent interdum ligula eu enim. Etiam imperdiet dictum magna. Ut tincidunt orci quis lectus. Nullam suscipit, est ac', 1),
(40, 77, 'placerat eget, venenatis a, magna. Lorem ipsum dolor sit amet, consectetuer adipiscing elit. Etiam laoreet, libero et tristique pellentesque, tellus sem mollis dui, in sodales elit erat vitae risus. Duis a mi fringilla mi lacinia mattis. Integer eu lacus. Quisque imperdiet, erat nonummy ultricies ornare, elit elit fermentum risus, at fringilla purus mauris a nunc. In at pede. Cras vulputate velit eu sem. Pellentesque ut ipsum ac', 5),
(41, 78, 'elit elit fermentum risus, at fringilla purus mauris a nunc. In at pede. Cras vulputate velit eu sem. Pellentesque ut ipsum ac mi eleifend egestas. Sed pharetra, felis eget', 8),
(42, 128, 'magna et ipsum cursus vestibulum. Mauris magna. Duis dignissim tempor arcu. Vestibulum ut eros non enim commodo hendrerit. Donec porttitor tellus non magna. Nam ligula elit, pretium et, rutrum non, hendrerit id, ante. Nunc mauris sapien, cursus in, hendrerit consectetuer,', 10),
(43, 129, 'a, aliquet vel, vulputate eu, odio. Phasellus at augue id ante dictum cursus. Nunc mauris elit, dictum eu, eleifend nec, malesuada ut, sem. Nulla interdum. Curabitur dictum. Phasellus in felis. Nulla tempor augue ac', 1),
(44, 68, 'Vivamus nibh dolor, nonummy ac, feugiat non, lobortis quis, pede. Suspendisse dui. Fusce diam nunc, ullamcorper eu, euismod ac, fermentum vel, mauris. Integer sem elit, pharetra ut, pharetra sed, hendrerit a, arcu. Sed et libero. Proin mi. Aliquam gravida mauris ut mi. Duis risus odio, auctor vitae, aliquet nec, imperdiet nec, leo. Morbi neque tellus, imperdiet non, vestibulum nec, euismod in, dolor.', 6),
(45, 183, 'sapien, cursus in, hendrerit consectetuer, cursus et, magna. Praesent interdum ligula eu enim. Etiam imperdiet dictum magna. Ut tincidunt orci quis lectus. Nullam suscipit, est ac facilisis facilisis, magna tellus faucibus leo, in lobortis tellus justo sit amet nulla. Donec non justo. Proin non', 9),
(46, 54, 'mollis dui, in sodales elit erat vitae risus. Duis a mi fringilla mi lacinia mattis. Integer eu lacus. Quisque imperdiet, erat nonummy ultricies ornare, elit elit fermentum risus, at fringilla purus mauris a nunc. In at pede. Cras vulputate velit eu sem. Pellentesque ut ipsum ac mi eleifend egestas. Sed pharetra, felis eget varius ultrices, mauris ipsum porta elit, a feugiat tellus lorem eu metus. In lorem. Donec elementum,', 8),
(47, 145, 'libero. Morbi accumsan laoreet ipsum. Curabitur consequat, lectus sit amet luctus vulputate, nisi sem semper erat, in consectetuer ipsum nunc id enim. Curabitur massa. Vestibulum accumsan neque et nunc. Quisque ornare tortor at risus. Nunc ac sem ut dolor dapibus gravida. Aliquam tincidunt, nunc ac mattis ornare, lectus ante dictum mi, ac mattis velit justo nec ante. Maecenas mi felis, adipiscing fringilla, porttitor vulputate, posuere vulputate, lacus. Cras', 2),
(48, 201, 'ut dolor dapibus gravida. Aliquam tincidunt, nunc ac mattis ornare, lectus ante dictum mi, ac mattis velit justo nec ante. Maecenas mi felis, adipiscing fringilla, porttitor vulputate, posuere vulputate, lacus. Cras interdum. Nunc sollicitudin commodo ipsum. Suspendisse non leo. Vivamus nibh dolor, nonummy ac, feugiat non, lobortis quis, pede. Suspendisse dui. Fusce diam nunc, ullamcorper eu, euismod ac, fermentum vel, mauris. Integer sem elit, pharetra ut, pharetra sed, hendrerit a, arcu. Sed e', 2),
(49, 62, 'eget nisi dictum augue malesuada malesuada. Integer id magna et ipsum cursus vestibulum. Mauris magna. Duis dignissim tempor arcu. Vestibulum ut eros non enim commodo hendrerit. Donec porttitor tellus non magna. Nam ligula elit, pretium et, rutrum non, hendrerit id, ante. Nunc mauris sapien, cursus in, hendrerit consectetuer, cursus et, magna. Praesent interdum ligula eu enim. Etiam imperdiet dictum magna. Ut tincidunt orci quis lectus. Nullam suscipit, est ac facilisis facilisis, magna tellus f', 2),
(50, 91, 'orci quis lectus. Nullam suscipit, est ac facilisis facilisis, magna tellus faucibus leo, in lobortis tellus justo sit amet nulla. Donec non justo. Proin non massa non ante bibendum ullamcorper. Duis cursus, diam at pretium aliquet, metus urna convallis erat, eget tincidunt dui augue eu tellus. Phasellus elit', 10),
(51, 9, 'Aliquam adipiscing lobortis risus. In mi pede, nonummy ut, molestie in, tempus eu, ligula. Aenean euismod mauris eu elit. Nulla facilisi. Sed neque. Sed eget lacus. Mauris non dui nec urna suscipit nonummy. Fusce fermentum fermentum arcu. Vestibulum ante ipsum primis in faucibus orci luctus et ultrices posuere cubilia Curae; Phasellus ornare. Fusce', 5),
(52, 186, 'convallis dolor. Quisque tincidunt pede ac urna. Ut tincidunt vehicula risus. Nulla eget metus eu erat semper rutrum. Fusce dolor quam, elementum at, egestas a, scelerisque sed, sapien. Nunc pulvinar arcu et pede. Nunc sed orci lobortis augue scelerisque mollis. Phasellus libero mauris, aliquam eu, accumsan sed, facilisis vitae, orci. Phasellus dapibus quam quis diam. Pellentesque habitant morbi tristique senectus et netus et malesuada fames ac turpis egestas. Fusce aliquet magna a neque. Nullam', 10),
(53, 156, 'luctus aliquet odio. Etiam ligula tortor, dictum eu, placerat eget, venenatis a, magna. Lorem ipsum dolor sit amet, consectetuer adipiscing elit. Etiam laoreet, libero et tristique pellentesque, tellus sem mollis dui, in sodales elit erat vitae risus. Duis a mi fringilla mi lacinia mattis. Integer eu lacus. Quisque imperdiet, erat nonummy ultricies ornare, elit elit fermentum', 1),
(54, 33, 'aliquet libero. Integer in magna. Phasellus dolor elit, pellentesque a, facilisis non, bibendum sed, est. Nunc laoreet lectus quis massa. Mauris vestibulum, neque sed dictum eleifend, nunc risus varius orci, in consequat enim diam vel arcu. Curabitur ut odio vel est tempor bibendum. Donec felis orci, adipiscing non, luctus sit amet,', 10),
(55, 187, 'pellentesque a, facilisis non, bibendum sed, est. Nunc laoreet lectus quis massa. Mauris vestibulum, neque sed dictum eleifend, nunc risus varius orci, in consequat enim diam vel arcu. Curabitur ut odio vel est tempor bibendum. Donec felis orci, adipiscing non, luctus sit amet, faucibus ut, nulla. Cras eu tellus eu augue porttitor interdum. Sed auctor odio a purus. Duis', 3),
(56, 185, 'risus quis diam luctus lobortis. Class aptent taciti sociosqu ad litora torquent per conubia nostra, per inceptos hymenaeos. Mauris ut quam vel sapien imperdiet ornare. In faucibus. Morbi vehicula. Pellentesque tincidunt tempus risus. Donec egestas. Duis ac arcu. Nunc mauris. Morbi non sapien molestie orci tincidunt adipiscing. Mauris molestie pharetra nibh. Aliquam ornare, libero at auctor ullamcorper, nisl arcu iaculis enim,', 5),
(57, 180, 'lectus ante dictum mi, ac mattis velit justo nec ante. Maecenas mi felis, adipiscing fringilla, porttitor vulputate, posuere vulputate, lacus. Cras interdum. Nunc sollicitudin commodo ipsum. Suspendisse non leo. Vivamus nibh dolor,', 4),
(58, 64, 'vitae diam. Proin dolor. Nulla semper tellus id nunc interdum feugiat. Sed nec metus facilisis lorem tristique aliquet. Phasellus fermentum convallis ligula. Donec luctus aliquet odio. Etiam ligula tortor, dictum eu, placerat eget, venenatis a, magna. Lorem ipsum dolor sit amet, consectetuer adipiscing elit. Etiam laoreet, libero et tristique pellentesque, tellus sem mollis dui, in sodales elit erat vitae risus. Duis a mi fringilla mi lacinia mattis. Integer eu lacus. Quisque imperdiet, erat non', 2),
(59, 29, 'feugiat metus sit amet ante. Vivamus non lorem vitae odio sagittis semper. Nam tempor diam dictum sapien. Aenean massa. Integer vitae', 7),
(60, 54, 'sed dictum eleifend, nunc risus varius orci, in consequat enim diam vel arcu. Curabitur ut odio vel est tempor bibendum. Donec felis orci, adipiscing non, luctus sit amet, faucibus ut, nulla. Cras eu tellus eu augue porttitor interdum. Sed auctor odio a purus. Duis elementum, dui quis accumsan convallis, ante lectus convallis est, vitae sodales nisi magna sed dui. Fusce aliquam, enim nec tempus scelerisque, lorem ipsum sodales purus, in molestie tortor nibh sit amet orci. Ut sagittis lobortis ma', 1),
(61, 113, 'massa. Vestibulum accumsan neque et nunc. Quisque ornare tortor at risus. Nunc ac sem ut dolor dapibus gravida. Aliquam tincidunt, nunc ac mattis ornare, lectus ante dictum mi, ac mattis velit justo nec ante. Maecenas mi felis, adipiscing fringilla, porttitor vulputate, posuere vulputate, lacus. Cras interdum. Nunc sollicitudin commodo ipsum. Suspendisse non leo. Vivamus nibh dolor, nonummy ac, feugiat non, lobortis quis, pede.', 5),
(62, 97, 'tellus sem mollis dui, in sodales elit erat vitae risus. Duis a mi fringilla mi lacinia mattis. Integer eu lacus. Quisque imperdiet, erat nonummy ultricies ornare, elit elit fermentum risus, at fringilla purus mauris a nunc. In at pede. Cras vulputate', 3),
(63, 9, 'sed dolor. Fusce mi lorem, vehicula et, rutrum eu, ultrices sit amet, risus. Donec nibh', 8),
(64, 37, 'sed sem egestas blandit. Nam nulla magna, malesuada vel, convallis in, cursus et, eros. Proin ultrices. Duis volutpat nunc sit amet metus. Aliquam erat volutpat. Nulla facilisis. Suspendisse', 7),
(65, 178, 'sociis natoque penatibus et magnis dis parturient montes, nascetur ridiculus', 5),
(66, 77, 'euismod mauris eu elit. Nulla facilisi. Sed neque. Sed eget lacus. Mauris non dui nec urna suscipit nonummy. Fusce fermentum fermentum arcu. Vestibulum ante ipsum primis in faucibus orci luctus et ultrices posuere cubilia Curae; Phasellus ornare. Fusce mollis. Duis sit amet diam eu dolor egestas rhoncus. Proin nisl sem, consequat nec, mollis vitae, posuere', 5),
(67, 95, 'dolor quam, elementum at, egestas a, scelerisque sed, sapien. Nunc pulvinar arcu et pede. Nunc sed orci lobortis augue scelerisque mollis. Phasellus libero mauris, aliquam eu, accumsan sed, facilisis vitae, orci. Phasellus dapibus quam quis diam. Pellentesque habitant morbi tristique senectus et netus et malesuada fames ac turpis egestas. Fusce aliquet magna a neque.', 3),
(68, 102, 'tempus risus. Donec egestas. Duis ac arcu. Nunc mauris. Morbi non sapien molestie orci tincidunt adipiscing. Mauris molestie pharetra nibh. Aliquam ornare, libero at auctor ullamcorper, nisl arcu iaculis enim, sit amet ornare', 10),
(69, 179, 'nibh lacinia orci, consectetuer euismod est arcu ac orci. Ut semper pretium neque. Morbi quis urna. Nunc quis arcu vel quam dignissim pharetra. Nam ac nulla. In tincidunt congue turpis. In condimentum. Donec at arcu. Vestibulum ante ipsum primis in faucibus orci luctus et ultrices posuere cubilia Curae; Donec tincidunt. Donec vitae erat vel pede blandit congue. In scelerisque scelerisque dui. Suspendisse ac metus vitae velit egestas lacinia. Sed congue, elit sed consequat auctor, nunc nulla vulp', 8),
(70, 114, 'cursus purus. Nullam scelerisque neque sed sem egestas blandit. Nam nulla magna, malesuada vel, convallis in, cursus et, eros. Proin', 2),
(71, 114, 'id magna et ipsum cursus vestibulum. Mauris magna. Duis dignissim tempor arcu. Vestibulum ut eros non enim commodo hendrerit. Donec porttitor tellus non magna. Nam ligula elit, pretium et, rutrum non, hendrerit id, ante. Nunc mauris sapien, cursus in, hendrerit consectetuer, cursus et, magna. Praesent interdum ligula eu enim. Etiam imperdiet dictum magna. Ut tincidunt orci quis lectus. Nullam suscipit, est ac facilisis facilisis, magna tellus faucibus leo, in lobortis tellus justo sit amet nulla', 1),
(72, 106, 'accumsan neque et nunc. Quisque ornare tortor at risus. Nunc ac sem ut dolor dapibus gravida. Aliquam tincidunt, nunc ac mattis ornare, lectus ante dictum mi, ac mattis velit justo nec ante. Maecenas mi felis, adipiscing fringilla, porttitor vulputate, posuere vulputate, lacus. Cras interdum. Nunc sollicitudin commodo ipsum. Suspendisse non leo. Vivamus nibh dolor, nonummy ac, feugiat non, lobortis quis, pede. Suspendisse dui. Fusce diam nunc, ullamcorper eu, euismod ac, fermentum vel, mauris. I', 2),
(73, 194, 'erat. Sed nunc est, mollis non, cursus non, egestas a, dui. Cras pellentesque. Sed dictum. Proin eget odio. Aliquam vulputate ullamcorper magna. Sed eu eros. Nam consequat dolor vitae dolor. Donec fringilla. Donec feugiat metus sit amet ante. Vivamus non lorem vitae odio sagittis semper. Nam tempor diam dictum sapien. Aenean massa. Integer vitae nibh. Donec est mauris, rhoncus id, mollis nec, cursus a, enim. Suspendisse aliquet, sem ut cursus luctus, ipsum leo elementum sem, vitae aliquam eros t', 10),
(74, 170, 'Cum sociis natoque penatibus et magnis dis parturient montes, nascetur ridiculus mus. Donec dignissim magna a tortor. Nunc commodo auctor velit. Aliquam nisl. Nulla eu neque pellentesque massa lobortis ultrices. Vivamus rhoncus. Donec est. Nunc ullamcorper, velit in aliquet lobortis, nisi nibh lacinia orci, consectetuer euismod est arcu ac orci. Ut semper pretium neque. Morbi quis', 7),
(75, 124, 'turpis non enim. Mauris quis turpis vitae purus gravida sagittis. Duis gravida. Praesent eu nulla at sem molestie sodales. Mauris blandit enim consequat purus. Maecenas libero est, congue a, aliquet vel, vulputate eu, odio. Phasellus at augue id ante dictum cursus. Nunc mauris elit,', 3),
(76, 44, 'Vestibulum ante ipsum primis in faucibus orci luctus et ultrices posuere cubilia Curae; Donec tincidunt. Donec vitae erat vel pede blandit congue. In scelerisque scelerisque dui. Suspendisse ac metus vitae velit egestas lacinia.', 2),
(77, 22, 'mollis dui, in sodales elit erat vitae risus. Duis a mi fringilla mi lacinia mattis. Integer eu lacus. Quisque imperdiet, erat nonummy ultricies ornare, elit elit fermentum risus, at fringilla purus mauris a nunc. In at pede. Cras vulputate velit eu sem. Pellentesque ut ipsum ac mi eleifend egestas. Sed pharetra, felis', 10),
(78, 3, 'Curabitur massa. Vestibulum accumsan neque et nunc. Quisque ornare tortor at risus. Nunc ac sem ut dolor dapibus gravida. Aliquam tincidunt, nunc ac mattis ornare, lectus ante dictum mi, ac mattis velit justo nec ante. Maecenas mi felis, adipiscing fringilla, porttitor vulputate, posuere vulputate, lacus. Cras interdum. Nunc sollicitudin commodo ipsum. Suspendisse non leo.', 7),
(79, 190, 'Vivamus euismod urna. Nullam lobortis quam a felis ullamcorper viverra. Maecenas iaculis aliquet diam. Sed diam lorem, auctor quis, tristique ac, eleifend', 1),
(80, 24, 'at, velit. Pellentesque ultricies dignissim lacus. Aliquam rutrum lorem ac risus. Morbi metus. Vivamus euismod urna. Nullam lobortis quam a felis ullamcorper viverra. Maecenas iaculis aliquet diam. Sed diam lorem, auctor quis, tristique ac, eleifend vitae, erat. Vivamus nisi. Mauris nulla. Integer urna. Vivamus molestie dapibus ligula. Aliquam erat volutpat. Nulla dignissim. Maecenas', 7),
(81, 68, 'aliquet, sem ut cursus luctus, ipsum leo elementum sem, vitae aliquam eros turpis non enim. Mauris quis turpis vitae purus gravida sagittis. Duis gravida. Praesent eu nulla at sem molestie sodales. Mauris blandit enim consequat purus. Maecenas libero est, congue a, aliquet vel, vulputate eu, odio. Phasellus at augue id ante dictum cursus. Nunc mauris', 10),
(82, 120, 'convallis convallis dolor. Quisque tincidunt pede ac urna. Ut tincidunt vehicula risus. Nulla eget metus eu erat semper rutrum. Fusce dolor quam, elementum at, egestas a, scelerisque sed, sapien. Nunc pulvinar arcu et', 4),
(83, 44, 'molestie arcu. Sed eu nibh vulputate mauris sagittis placerat. Cras dictum ultricies ligula. Nullam enim. Sed nulla ante, iaculis nec, eleifend non, dapibus rutrum, justo. Praesent luctus. Curabitur egestas nunc sed libero. Proin sed turpis nec mauris blandit mattis. Cras eget nisi dictum augue malesuada malesuada. Integer id magna et ipsum cursus vestibulum. Mauris magna. Duis dignissim tempor arcu. Vestibulum ut eros non enim commodo hendrerit. Donec porttitor tellus', 4),
(84, 201, 'eu nibh vulputate mauris sagittis placerat. Cras dictum ultricies ligula. Nullam enim. Sed nulla ante, iaculis nec, eleifend non, dapibus rutrum, justo. Praesent luctus. Curabitur egestas nunc sed libero. Proin sed turpis nec mauris blandit mattis. Cras eget nisi dictum augue malesuada malesuada. Integer id magna et ipsum cursus vestibulum. Mauris magna. Duis dignissim tempor arcu. Vestibulum ut eros', 1),
(85, 57, 'dui. Cras pellentesque. Sed dictum. Proin eget odio. Aliquam vulputate ullamcorper magna. Sed eu eros. Nam consequat dolor vitae dolor. Donec fringilla. Donec feugiat metus sit amet ante. Vivamus non lorem vitae odio sagittis semper. Nam tempor diam dictum sapien. Aenean massa. Integer vitae nibh. Donec est mauris, rhoncus id, mollis nec, cursus a, enim. Suspendisse aliquet, sem ut cursus luctus, ipsum leo elementum sem, vitae aliquam eros turpis non enim. Mauris quis turpis vitae purus gravida ', 8),
(86, 173, 'nunc nulla vulputate dui, nec tempus mauris erat eget ipsum. Suspendisse sagittis. Nullam vitae diam. Proin dolor. Nulla semper tellus id nunc interdum feugiat. Sed nec metus facilisis lorem tristique aliquet. Phasellus fermentum convallis ligula. Donec luctus aliquet odio. Etiam', 5),
(87, 200, 'auctor odio a purus. Duis elementum, dui quis accumsan convallis, ante lectus convallis est, vitae sodales nisi magna sed dui. Fusce aliquam, enim nec tempus scelerisque, lorem ipsum sodales purus, in molestie tortor nibh sit amet orci. Ut sagittis lobortis mauris. Suspendisse aliquet molestie tellus. Aenean egestas hendrerit neque. In ornare sagittis', 2),
(88, 99, 'et ipsum cursus vestibulum. Mauris magna. Duis dignissim tempor arcu. Vestibulum ut eros non enim commodo hendrerit. Donec porttitor tellus non magna. Nam ligula elit, pretium et, rutrum non, hendrerit id, ante. Nunc mauris sapien, cursus in, hendrerit consectetuer, cursus et, magna. Praesent interdum ligula eu enim. Etiam imperdiet dictum magna. Ut tincidunt orci quis lectus. Nullam suscipit, est ac facilisis facilisis, magna tellus faucibus leo, in lobortis tellus justo sit amet nulla. Donec n', 1),
(89, 185, 'lorem, luctus ut, pellentesque eget, dictum placerat, augue. Sed molestie. Sed id risus quis diam luctus lobortis. Class aptent taciti sociosqu ad litora torquent per conubia nostra, per inceptos hymenaeos. Mauris ut quam vel sapien imperdiet ornare. In faucibus. Morbi vehicula. Pellentesque tincidunt tempus risus. Donec egestas. Duis ac arcu. Nunc mauris. Morbi non sapien molestie orci tincidunt adipiscing. Mauris molestie pharetra nibh. Aliquam ornare, libero at auctor ullamcorper, nisl arcu i', 6),
(90, 201, 'scelerisque scelerisque dui. Suspendisse ac metus vitae velit egestas lacinia. Sed congue, elit sed consequat auctor, nunc nulla vulputate dui, nec tempus mauris erat eget ipsum. Suspendisse sagittis. Nullam vitae diam. Proin', 3),
(91, 73, 'at, velit. Pellentesque ultricies dignissim lacus. Aliquam rutrum lorem ac risus. Morbi metus. Vivamus euismod urna. Nullam lobortis quam a felis ullamcorper viverra. Maecenas iaculis aliquet diam. Sed diam lorem, auctor quis, tristique ac, eleifend vitae, erat. Vivamus nisi. Mauris nulla. Integer urna. Vivamus molestie dapibus ligula. Aliquam erat volutpat. Nulla dignissim. Maecenas ornare egestas ligula. Nullam feugiat placerat velit. Quisque varius. Nam porttitor scelerisque neque. Nullam nis', 9),
(92, 198, 'amet luctus vulputate, nisi sem semper erat, in consectetuer ipsum nunc id enim. Curabitur massa. Vestibulum accumsan neque et nunc. Quisque ornare tortor at risus. Nunc ac sem ut dolor dapibus gravida. Aliquam tincidunt, nunc ac mattis ornare, lectus ante dictum mi, ac mattis velit justo nec ante. Maecenas mi felis, adipiscing fringilla, porttitor vulputate, posuere vulputate, lacus. Cras interdum. Nunc sollicitudin commodo ipsum.', 8),
(93, 157, 'vel sapien imperdiet ornare. In faucibus. Morbi vehicula. Pellentesque tincidunt tempus risus. Donec egestas. Duis ac arcu. Nunc mauris. Morbi non sapien molestie orci tincidunt adipiscing. Mauris molestie pharetra nibh. Aliquam ornare, libero at auctor ullamcorper, nisl arcu iaculis enim, sit amet ornare lectus justo eu arcu. Morbi sit amet massa. Quisque porttitor eros nec tellus. Nunc lectus pede, ultrices a, auctor non, feugiat nec, diam. Duis mi enim, condimentum eget, volutpat ornare, faci', 10),
(94, 13, 'sed pede. Cum sociis natoque penatibus et magnis dis parturient montes, nascetur ridiculus mus. Proin vel arcu eu odio tristique pharetra. Quisque ac libero nec ligula consectetuer rhoncus. Nullam velit dui, semper et, lacinia vitae, sodales at, velit. Pellentesque ultricies dignissim lacus. Aliquam rutrum lorem ac risus. Morbi metus. Vivamus euismod urna. Nullam lobortis quam a felis ullamcorper', 4),
(95, 138, 'consectetuer rhoncus. Nullam velit dui, semper et, lacinia vitae, sodales at, velit. Pellentesque ultricies dignissim lacus. Aliquam rutrum lorem ac risus. Morbi metus. Vivamus euismod urna. Nullam lobortis quam a felis ullamcorper viverra. Maecenas iaculis aliquet diam. Sed diam lorem, auctor quis, tristique ac, eleifend vitae, erat. Vivamus nisi. Mauris nulla. Integer urna. Vivamus molestie dapibus ligula. Aliquam erat volutpat. Nulla dignissim. Maecenas ornare egestas ligula. Nullam feugiat p', 7),
(96, 173, 'Nunc mauris elit, dictum eu, eleifend nec, malesuada ut, sem. Nulla interdum. Curabitur dictum. Phasellus in felis. Nulla tempor augue ac ipsum. Phasellus vitae mauris sit amet lorem semper auctor. Mauris vel turpis. Aliquam adipiscing lobortis risus. In mi pede, nonummy ut, molestie in, tempus eu, ligula. Aenean euismod mauris eu elit. Nulla facilisi. Sed neque. Sed eget lacus. Mauris non', 1),
(97, 145, 'Maecenas ornare egestas ligula. Nullam feugiat placerat velit. Quisque varius. Nam porttitor scelerisque neque. Nullam nisl. Maecenas malesuada fringilla est. Mauris eu turpis. Nulla aliquet. Proin velit. Sed malesuada augue ut lacus. Nulla tincidunt, neque vitae semper egestas, urna justo faucibus lectus, a sollicitudin orci sem eget massa. Suspendisse eleifend. Cras sed leo. Cras vehicula aliquet libero. Integer in magna. Phasellus dolor elit, pellentesque', 1),
(98, 71, 'vitae dolor. Donec fringilla. Donec feugiat metus sit amet ante. Vivamus non lorem vitae odio sagittis semper. Nam tempor diam dictum sapien. Aenean massa. Integer vitae nibh. Donec est mauris, rhoncus id, mollis nec, cursus a, enim. Suspendisse aliquet, sem ut cursus luctus, ipsum leo elementum sem, vitae aliquam eros turpis non enim. Mauris quis turpis vitae purus gravida sagittis. Duis gravida.', 2),
(99, 55, 'quis turpis vitae purus gravida sagittis. Duis gravida. Praesent eu nulla at sem molestie sodales. Mauris blandit enim consequat purus. Maecenas libero est, congue a, aliquet vel, vulputate eu, odio. Phasellus at augue id ante dictum cursus. Nunc mauris elit, dictum eu, eleifend nec, malesuada ut, sem. Nulla interdum. Curabitur dictum. Phasellus in felis. Nulla tempor augue ac ipsum. Phasellus vitae mauris sit amet lorem', 8),
(100, 92, 'eu, placerat eget, venenatis a, magna. Lorem ipsum dolor sit amet, consectetuer adipiscing elit. Etiam laoreet, libero et tristique pellentesque, tellus sem mollis dui, in sodales elit erat vitae risus. Duis a mi fringilla mi lacinia mattis. Integer eu lacus. Quisque imperdiet, erat nonummy ultricies ornare, elit elit fermentum risus, at fringilla purus mauris a nunc. In at pede. Cras vulputate velit eu sem. Pellentesque ut ipsum ac mi eleifend egestas. Sed pharetra, felis eget varius ultrices, ', 10),
(101, 20, 'pharetra ut, pharetra sed, hendrerit a, arcu. Sed et libero. Proin mi. Aliquam gravida mauris ut mi. Duis risus odio, auctor vitae, aliquet nec, imperdiet nec, leo.', 9),
(102, 54, 'Donec est mauris, rhoncus id, mollis nec, cursus a, enim. Suspendisse aliquet, sem ut cursus luctus, ipsum leo elementum sem, vitae aliquam eros turpis non enim. Mauris quis turpis vitae purus gravida sagittis. Duis gravida. Praesent eu nulla at sem molestie sodales. Mauris blandit enim consequat purus. Maecenas libero est, congue', 10),
(103, 1, 'eu metus. In lorem. Donec elementum, lorem ut aliquam iaculis, lacus pede sagittis augue, eu tempor erat neque non quam. Pellentesque habitant morbi tristique senectus et netus et malesuada fames ac turpis egestas. Aliquam fringilla cursus purus. Nullam scelerisque neque sed sem egestas blandit. Nam nulla magna, malesuada vel, convallis in, cursus et, eros. Proin ultrices. Duis', 2),
(104, 14, 'placerat, orci lacus vestibulum lorem, sit amet ultricies sem magna nec quam. Curabitur vel lectus. Cum sociis natoque penatibus et magnis dis parturient montes, nascetur ridiculus mus. Donec dignissim magna a tortor. Nunc commodo auctor velit. Aliquam nisl. Nulla eu neque pellentesque massa lobortis ultrices. Vivamus rhoncus. Donec est. Nunc ullamcorper, velit in aliquet lobortis, nisi nibh lacinia orci, consectetuer euismod est arcu ac orci. Ut semper pretium neque. Morbi quis', 3),
(105, 65, 'vitae risus. Duis a mi fringilla mi lacinia mattis. Integer eu lacus. Quisque imperdiet, erat nonummy ultricies ornare, elit elit fermentum', 2),
(106, 184, 'at auctor ullamcorper, nisl arcu iaculis enim, sit amet ornare lectus justo eu arcu. Morbi sit amet massa. Quisque porttitor eros nec tellus. Nunc lectus pede, ultrices a, auctor non, feugiat nec, diam. Duis mi enim,', 5),
(107, 99, 'eu, euismod ac, fermentum vel, mauris. Integer sem elit, pharetra ut, pharetra sed, hendrerit a, arcu. Sed et libero. Proin mi. Aliquam gravida mauris ut mi. Duis', 5),
(108, 161, 'consequat purus. Maecenas libero est, congue a, aliquet vel, vulputate eu, odio. Phasellus at augue id ante dictum cursus. Nunc mauris elit, dictum eu, eleifend nec, malesuada ut, sem. Nulla interdum. Curabitur dictum. Phasellus in felis. Nulla tempor augue ac ipsum. Phasellus vitae mauris sit amet lorem semper auctor. Mauris vel turpis. Aliquam adipiscing lobortis risus. In mi pede, nonummy ut, molestie in, tempus eu, ligula. Aenean euismod mauris eu elit. Nulla facilisi. Sed neque. Sed eget la', 3),
(109, 90, 'molestie. Sed id risus quis diam luctus lobortis. Class aptent taciti sociosqu ad litora torquent per conubia nostra, per inceptos hymenaeos. Mauris ut quam vel sapien imperdiet ornare. In faucibus. Morbi vehicula. Pellentesque tincidunt tempus risus. Donec egestas. Duis ac arcu. Nunc mauris. Morbi non sapien molestie orci tincidunt adipiscing. Mauris molestie pharetra nibh. Aliquam ornare, libero at auctor ullamcorper,', 5),
(110, 11, 'Phasellus nulla. Integer vulputate, risus a ultricies adipiscing, enim mi tempor lorem, eget mollis lectus pede et risus. Quisque libero lacus, varius et, euismod et, commodo at, libero. Morbi accumsan laoreet ipsum. Curabitur consequat, lectus sit amet luctus vulputate, nisi sem semper erat, in consectetuer ipsum nunc id enim. Curabitur massa. Vestibulum accumsan neque et nunc. Quisque ornare tortor at risus.', 2),
(111, 22, 'non, luctus sit amet, faucibus ut, nulla. Cras eu tellus eu augue porttitor interdum. Sed auctor odio a purus. Duis elementum, dui quis accumsan convallis, ante lectus convallis est, vitae sodales', 7),
(112, 91, 'Sed dictum. Proin eget odio. Aliquam vulputate ullamcorper magna. Sed eu eros. Nam consequat dolor vitae dolor. Donec fringilla. Donec feugiat metus sit amet ante. Vivamus non lorem vitae odio sagittis semper. Nam tempor diam dictum sapien. Aenean massa. Integer vitae nibh. Donec est', 7),
(113, 198, 'euismod enim. Etiam gravida molestie arcu. Sed eu nibh vulputate mauris sagittis placerat. Cras dictum ultricies ligula. Nullam enim. Sed nulla ante, iaculis nec, eleifend non, dapibus rutrum, justo. Praesent luctus. Curabitur egestas nunc sed libero. Proin sed turpis nec mauris blandit mattis. Cras eget nisi dictum augue malesuada malesuada. Integer id magna et ipsum cursus vestibulum. Mauris magna. Duis dignissim tempor arcu. Vestibulum ut eros non enim commodo hendrerit. Donec porttitor tellu', 2),
(114, 39, 'condimentum. Donec at arcu. Vestibulum ante ipsum primis in faucibus orci luctus et ultrices posuere cubilia Curae; Donec tincidunt. Donec vitae erat vel pede blandit congue. In scelerisque scelerisque dui. Suspendisse ac metus vitae velit egestas lacinia. Sed congue, elit sed consequat auctor, nunc nulla vulputate dui, nec tempus mauris erat eget ipsum. Suspendisse sagittis. Nullam vitae', 2),
(115, 2, 'netus et malesuada fames ac turpis egestas. Fusce aliquet magna a neque. Nullam ut nisi a odio semper cursus. Integer mollis. Integer tincidunt aliquam arcu. Aliquam ultrices iaculis odio. Nam interdum enim non nisi. Aenean', 3),
(116, 113, 'auctor, nunc nulla vulputate dui, nec tempus mauris erat eget ipsum. Suspendisse sagittis. Nullam vitae diam. Proin dolor. Nulla semper tellus id nunc interdum feugiat. Sed nec metus facilisis lorem tristique aliquet. Phasellus fermentum convallis ligula. Donec luctus aliquet odio. Etiam ligula tortor, dictum eu, placerat eget, venenatis a, magna. Lorem ipsum dolor sit amet, consectetuer adipiscing elit. Etiam laoreet, libero et tristique pellentesque, tellus sem mollis dui, in sodales elit erat', 9),
(117, 14, 'hendrerit neque. In ornare sagittis felis. Donec tempor, est ac mattis semper, dui lectus rutrum urna, nec luctus felis purus ac tellus. Suspendisse sed dolor. Fusce mi', 3),
(118, 109, 'mi, ac mattis velit justo nec ante. Maecenas mi felis, adipiscing fringilla, porttitor vulputate, posuere vulputate, lacus. Cras interdum. Nunc sollicitudin commodo ipsum. Suspendisse non leo. Vivamus nibh dolor, nonummy ac, feugiat non, lobortis quis, pede. Suspendisse dui. Fusce diam nunc, ullamcorper eu, euismod ac, fermentum vel, mauris.', 7),
(119, 107, 'nec quam. Curabitur vel lectus. Cum sociis natoque penatibus et magnis dis parturient montes, nascetur ridiculus mus. Donec dignissim magna a tortor. Nunc commodo auctor velit. Aliquam nisl. Nulla eu neque pellentesque massa lobortis ultrices. Vivamus rhoncus. Donec est. Nunc ullamcorper, velit in aliquet', 10),
(120, 143, 'parturient montes, nascetur ridiculus mus. Aenean eget magna. Suspendisse tristique neque venenatis lacus. Etiam bibendum fermentum', 1),
(121, 13, 'eros non enim commodo hendrerit. Donec porttitor tellus non magna. Nam ligula elit, pretium et, rutrum non, hendrerit id, ante. Nunc mauris sapien, cursus in, hendrerit consectetuer, cursus et, magna. Praesent interdum ligula eu enim. Etiam imperdiet dictum magna. Ut tincidunt orci quis lectus.', 3),
(122, 95, 'Morbi vehicula. Pellentesque tincidunt tempus risus. Donec egestas. Duis ac arcu. Nunc mauris. Morbi non sapien molestie orci tincidunt adipiscing. Mauris molestie pharetra nibh. Aliquam ornare, libero at auctor ullamcorper, nisl arcu iaculis enim,', 5),
(123, 146, 'magna, malesuada vel, convallis in, cursus et, eros. Proin ultrices. Duis volutpat nunc sit amet metus. Aliquam erat volutpat. Nulla facilisis. Suspendisse commodo tincidunt nibh. Phasellus nulla. Integer vulputate, risus a ultricies adipiscing, enim mi tempor lorem, eget mollis lectus pede et risus. Quisque libero lacus, varius et, euismod et, commodo at, libero. Morbi accumsan laoreet ipsum. Curabitur consequat, lectus sit amet luctus vulputate, nisi sem semper erat, in consectetuer ipsum nunc', 4),
(124, 58, 'aptent taciti sociosqu ad litora torquent per conubia nostra, per inceptos hymenaeos. Mauris ut quam vel sapien imperdiet ornare. In faucibus. Morbi vehicula. Pellentesque tincidunt tempus risus. Donec egestas. Duis ac arcu.', 7),
(125, 103, 'libero. Integer in magna. Phasellus dolor elit, pellentesque a, facilisis non, bibendum sed, est. Nunc laoreet lectus quis massa. Mauris vestibulum, neque sed dictum eleifend, nunc risus varius orci, in consequat enim diam vel arcu. Curabitur ut odio vel est tempor bibendum. Donec felis orci, adipiscing non, luctus sit amet, faucibus ut, nulla. Cras eu tellus eu augue porttitor', 7),
(126, 104, 'ultrices. Vivamus rhoncus. Donec est. Nunc ullamcorper, velit in aliquet lobortis, nisi nibh lacinia orci, consectetuer euismod est arcu ac orci. Ut semper pretium neque. Morbi quis urna. Nunc quis arcu vel quam dignissim pharetra. Nam ac nulla. In tincidunt congue turpis. In condimentum. Donec at arcu. Vestibulum ante ipsum primis in faucibus orci luctus et ultrices posuere cubilia Curae; Donec tincidunt. Donec vitae erat vel pede', 10),
(127, 114, 'volutpat. Nulla facilisis. Suspendisse commodo tincidunt nibh. Phasellus nulla. Integer vulputate, risus a ultricies adipiscing, enim mi tempor lorem, eget mollis lectus pede et risus. Quisque libero lacus, varius et, euismod et, commodo at, libero. Morbi accumsan laoreet ipsum. Curabitur consequat, lectus sit amet luctus vulputate, nisi sem semper erat, in consectetuer', 5),
(128, 45, 'Nam interdum enim non nisi. Aenean eget metus. In nec orci. Donec nibh. Quisque nonummy ipsum non arcu. Vivamus sit amet risus. Donec egestas. Aliquam nec enim. Nunc ut erat. Sed nunc est, mollis non, cursus non, egestas a, dui. Cras pellentesque. Sed dictum. Proin eget odio. Aliquam vulputate ullamcorper', 5),
(129, 108, 'pulvinar arcu et pede. Nunc sed orci lobortis augue scelerisque mollis. Phasellus libero mauris, aliquam eu, accumsan sed, facilisis vitae, orci. Phasellus dapibus quam quis diam. Pellentesque habitant morbi tristique senectus et netus et malesuada fames ac turpis egestas. Fusce aliquet magna a neque. Nullam', 6),
(130, 38, 'Proin velit. Sed malesuada augue ut lacus. Nulla tincidunt, neque vitae semper egestas, urna justo faucibus lectus, a sollicitudin orci sem eget massa. Suspendisse eleifend. Cras sed leo. Cras vehicula aliquet libero. Integer in magna. Phasellus dolor elit, pellentesque a, facilisis non, bibendum sed, est. Nunc laoreet lectus', 5),
(131, 170, 'quis accumsan convallis, ante lectus convallis est, vitae sodales nisi magna sed dui. Fusce aliquam, enim nec tempus scelerisque, lorem ipsum sodales purus, in molestie tortor nibh sit amet orci. Ut sagittis lobortis mauris. Suspendisse aliquet molestie tellus. Aenean egestas hendrerit neque. In ornare sagittis felis. Donec tempor, est ac mattis semper, dui lectus rutrum urna, nec luctus felis purus ac tellus. Suspendisse sed dolor. Fusce mi lorem, vehicula et, rutrum eu, ultrices sit amet, risu', 7),
(132, 59, 'mollis. Phasellus libero mauris, aliquam eu, accumsan sed, facilisis vitae, orci. Phasellus dapibus quam quis diam. Pellentesque', 8),
(133, 137, 'Suspendisse aliquet, sem ut cursus luctus, ipsum leo elementum sem, vitae aliquam eros turpis non enim. Mauris quis turpis vitae purus gravida sagittis. Duis gravida. Praesent eu nulla at', 4),
(134, 159, 'non massa non ante bibendum ullamcorper. Duis cursus, diam at pretium aliquet, metus urna convallis erat, eget tincidunt dui augue eu tellus. Phasellus elit pede, malesuada vel, venenatis vel, faucibus id, libero. Donec consectetuer mauris id sapien. Cras dolor dolor, tempus non, lacinia at, iaculis quis, pede. Praesent eu dui. Cum sociis natoque penatibus et magnis dis parturient montes, nascetur ridiculus mus. Aenean eget magna. Suspendisse tristique neque venenatis lacus. Etiam bibendum ferme', 9),
(135, 89, 'neque pellentesque massa lobortis ultrices. Vivamus rhoncus. Donec est. Nunc ullamcorper, velit in aliquet lobortis, nisi nibh lacinia orci, consectetuer euismod est arcu ac orci. Ut semper pretium neque. Morbi quis urna. Nunc quis arcu vel quam dignissim pharetra. Nam ac nulla. In tincidunt congue turpis. In condimentum. Donec at arcu. Vestibulum ante ipsum primis in faucibus orci luctus et ultrices posuere cubilia Curae; Donec tincidunt. Donec vitae erat vel pede blandit congue. In scelerisque', 8),
(136, 152, 'purus. Maecenas libero est, congue a, aliquet vel, vulputate eu, odio. Phasellus at augue id ante dictum cursus. Nunc mauris elit, dictum eu, eleifend nec, malesuada ut, sem.', 4),
(137, 45, 'porttitor interdum. Sed auctor odio a purus. Duis elementum, dui quis accumsan convallis, ante lectus convallis est, vitae sodales nisi magna sed dui. Fusce aliquam, enim nec tempus scelerisque, lorem ipsum sodales purus, in molestie tortor nibh sit amet orci. Ut sagittis lobortis mauris. Suspendisse aliquet molestie tellus. Aenean egestas hendrerit neque. In ornare sagittis felis. Donec tempor, est ac mattis semper, dui lectus rutrum urna, nec luctus felis purus ac tellus. Suspendisse sed dolor', 4);
INSERT INTO `review` (`id`, `uId`, `reviewText`, `rating`) VALUES
(138, 185, 'ante bibendum ullamcorper. Duis cursus, diam at pretium aliquet, metus urna convallis erat, eget tincidunt dui augue eu tellus. Phasellus elit pede, malesuada vel, venenatis vel, faucibus id, libero. Donec consectetuer mauris id sapien. Cras dolor dolor, tempus non, lacinia at, iaculis quis, pede. Praesent eu dui. Cum sociis natoque penatibus et magnis dis parturient montes, nascetur ridiculus mus. Aenean eget magna. Suspendisse tristique neque venenatis lacus. Etiam bibendum fermentum', 3),
(139, 92, 'augue malesuada malesuada. Integer id magna et ipsum cursus vestibulum. Mauris magna. Duis dignissim tempor arcu. Vestibulum ut eros non enim commodo hendrerit. Donec porttitor tellus non magna. Nam ligula elit, pretium et, rutrum non, hendrerit id,', 6),
(140, 138, 'est ac facilisis facilisis, magna tellus faucibus leo, in lobortis', 8),
(141, 85, 'consequat enim diam vel arcu. Curabitur ut odio vel est', 7),
(142, 6, 'montes, nascetur ridiculus mus. Aenean eget magna. Suspendisse tristique neque venenatis lacus. Etiam bibendum fermentum metus. Aenean sed pede nec ante blandit viverra. Donec tempus, lorem fringilla ornare placerat, orci lacus vestibulum lorem, sit amet ultricies sem magna nec quam. Curabitur vel lectus. Cum sociis natoque penatibus et magnis dis parturient', 10),
(143, 33, 'bibendum sed, est. Nunc laoreet lectus quis massa. Mauris vestibulum, neque sed dictum eleifend, nunc risus varius orci, in consequat enim diam vel arcu. Curabitur ut odio vel est tempor bibendum. Donec felis orci, adipiscing non, luctus sit amet, faucibus ut, nulla. Cras eu tellus eu augue porttitor interdum. Sed auctor odio a purus. Duis elementum, dui quis accumsan convallis, ante lectus convallis est,', 4),
(144, 70, 'faucibus orci luctus et ultrices posuere cubilia Curae; Phasellus ornare. Fusce mollis. Duis sit amet diam eu dolor egestas rhoncus. Proin nisl sem, consequat nec, mollis vitae, posuere at, velit. Cras lorem lorem, luctus ut, pellentesque eget, dictum placerat, augue. Sed molestie.', 7),
(145, 10, 'vel quam dignissim pharetra. Nam ac nulla. In tincidunt congue turpis. In condimentum. Donec at arcu. Vestibulum ante ipsum primis in faucibus orci luctus et ultrices posuere cubilia Curae; Donec tincidunt. Donec vitae erat vel pede blandit congue. In scelerisque scelerisque dui.', 3),
(146, 38, 'scelerisque sed, sapien. Nunc pulvinar arcu et pede. Nunc sed orci lobortis augue scelerisque mollis. Phasellus libero mauris, aliquam eu, accumsan sed, facilisis vitae, orci. Phasellus dapibus quam quis diam. Pellentesque habitant morbi tristique senectus et netus et malesuada fames ac turpis egestas. Fusce aliquet magna a neque. Nullam', 3),
(147, 129, 'ut, pharetra sed, hendrerit a, arcu. Sed et libero. Proin mi. Aliquam gravida mauris ut mi. Duis risus odio, auctor vitae, aliquet nec, imperdiet nec, leo. Morbi', 9),
(148, 86, 'leo. Vivamus nibh dolor, nonummy ac, feugiat non, lobortis quis, pede. Suspendisse dui. Fusce diam nunc, ullamcorper eu, euismod ac,', 6),
(149, 122, 'lobortis augue scelerisque mollis. Phasellus libero mauris, aliquam eu, accumsan sed, facilisis vitae, orci. Phasellus dapibus quam quis diam. Pellentesque habitant morbi tristique senectus et netus et malesuada fames ac turpis egestas. Fusce aliquet magna a neque. Nullam ut nisi a odio semper cursus. Integer mollis. Integer tincidunt aliquam arcu. Aliquam ultrices iaculis odio. Nam interdum enim non nisi. Aenean eget metus. In nec orci. Donec nibh. Quisque nonummy ipsum non arcu. Vivamus sit am', 8),
(150, 135, 'a, facilisis non, bibendum sed, est. Nunc laoreet lectus quis massa. Mauris vestibulum, neque sed dictum eleifend,', 6),
(151, 40, 'ridiculus mus. Aenean eget magna. Suspendisse tristique neque venenatis lacus. Etiam bibendum fermentum metus. Aenean sed pede nec ante blandit viverra. Donec tempus, lorem fringilla ornare placerat,', 9),
(152, 194, 'turpis. Aliquam adipiscing lobortis risus. In mi pede, nonummy ut, molestie in, tempus eu, ligula. Aenean euismod mauris eu elit. Nulla facilisi. Sed neque. Sed eget lacus. Mauris non dui nec urna suscipit nonummy. Fusce fermentum fermentum arcu. Vestibulum ante ipsum primis in faucibus orci luctus et ultrices posuere cubilia Curae; Phasellus ornare. Fusce mollis. Duis sit amet diam eu dolor egestas rhoncus. Proin nisl sem, consequat nec, mollis vitae, posuere at, velit. Cras lorem lorem, luctus', 8),
(153, 6, 'nec mauris blandit mattis. Cras eget nisi dictum augue malesuada malesuada. Integer id magna et ipsum cursus vestibulum. Mauris magna. Duis dignissim tempor arcu. Vestibulum ut eros non enim commodo hendrerit. Donec porttitor tellus non magna. Nam ligula elit, pretium et, rutrum non, hendrerit id, ante. Nunc mauris sapien, cursus in, hendrerit', 10),
(154, 186, 'Quisque porttitor eros nec tellus. Nunc lectus pede, ultrices a, auctor non, feugiat nec, diam. Duis mi enim, condimentum eget, volutpat ornare, facilisis eget, ipsum. Donec sollicitudin adipiscing ligula. Aenean gravida nunc sed pede. Cum sociis natoque penatibus et magnis dis parturient montes, nascetur ridiculus mus. Proin vel arcu eu odio tristique pharetra. Quisque ac libero nec ligula consectetuer rhoncus. Nullam velit dui, semper et, lacinia vitae, sodales at, velit. Pellentesque ultricie', 8),
(155, 109, 'fermentum convallis ligula. Donec luctus aliquet odio. Etiam ligula tortor, dictum eu, placerat eget, venenatis a, magna. Lorem ipsum dolor sit amet, consectetuer adipiscing elit. Etiam laoreet, libero et tristique pellentesque, tellus sem mollis dui, in sodales elit erat vitae risus. Duis a mi fringilla mi lacinia mattis. Integer eu lacus. Quisque imperdiet, erat nonummy ultricies ornare, elit elit fermentum risus, at fringilla purus mauris a nunc. In at pede. Cras vulputate velit eu', 2),
(156, 13, 'auctor velit. Aliquam nisl. Nulla eu neque pellentesque massa lobortis ultrices. Vivamus rhoncus. Donec est. Nunc ullamcorper, velit in aliquet lobortis, nisi nibh lacinia orci, consectetuer euismod est arcu ac orci. Ut semper pretium neque. Morbi quis urna. Nunc quis arcu vel quam dignissim pharetra. Nam ac nulla. In tincidunt congue turpis. In condimentum. Donec at arcu. Vestibulum ante ipsum primis in faucibus orci luctus et ultrices posuere cubilia Curae; Donec tincidunt. Donec vitae erat ve', 5),
(157, 90, 'quam dignissim pharetra. Nam ac nulla. In tincidunt congue turpis. In condimentum. Donec at arcu. Vestibulum ante ipsum primis in faucibus orci luctus et ultrices posuere cubilia Curae; Donec tincidunt. Donec vitae erat vel pede blandit congue. In scelerisque scelerisque dui. Suspendisse ac', 10),
(158, 149, 'Nulla semper tellus id nunc interdum feugiat. Sed nec metus facilisis lorem tristique aliquet. Phasellus fermentum convallis ligula. Donec luctus aliquet odio. Etiam ligula tortor, dictum eu, placerat eget, venenatis a, magna. Lorem ipsum dolor sit amet, consectetuer adipiscing elit. Etiam laoreet, libero', 1),
(159, 179, 'Quisque porttitor eros nec tellus. Nunc lectus pede, ultrices a, auctor non, feugiat nec, diam. Duis mi enim, condimentum eget, volutpat ornare, facilisis eget, ipsum. Donec sollicitudin adipiscing ligula. Aenean gravida nunc sed pede. Cum sociis natoque penatibus et magnis dis parturient montes, nascetur ridiculus mus. Proin vel arcu eu odio tristique pharetra. Quisque ac libero nec ligula consectetuer rhoncus. Nullam velit dui, semper et,', 4),
(160, 94, 'sit amet ultricies sem magna nec quam. Curabitur vel lectus. Cum sociis natoque penatibus et magnis dis parturient montes, nascetur ridiculus mus. Donec dignissim magna a tortor. Nunc commodo', 5),
(161, 184, 'ipsum sodales purus, in molestie tortor nibh sit amet orci. Ut sagittis lobortis mauris. Suspendisse aliquet molestie tellus.', 8),
(162, 78, 'pharetra sed, hendrerit a, arcu. Sed et libero. Proin mi. Aliquam gravida mauris ut mi. Duis risus odio, auctor vitae, aliquet nec, imperdiet nec, leo. Morbi neque tellus, imperdiet non, vestibulum nec, euismod in, dolor. Fusce feugiat. Lorem ipsum dolor sit amet, consectetuer adipiscing elit. Aliquam auctor, velit eget laoreet posuere, enim nisl elementum purus, accumsan interdum libero dui nec', 7),
(163, 89, 'Cras interdum. Nunc sollicitudin commodo ipsum. Suspendisse non leo. Vivamus nibh dolor, nonummy ac, feugiat non, lobortis quis, pede. Suspendisse dui. Fusce diam nunc, ullamcorper eu, euismod ac, fermentum vel, mauris. Integer sem elit, pharetra ut, pharetra sed, hendrerit a, arcu. Sed et libero. Proin mi. Aliquam gravida mauris ut mi. Duis risus odio, auctor vitae, aliquet nec, imperdiet nec, leo. Morbi neque tellus, imperdiet non, vestibulum nec, euismod in, dolor. Fusce feugiat. Lorem ipsum', 9),
(164, 182, 'placerat eget, venenatis a, magna. Lorem ipsum dolor sit amet, consectetuer adipiscing elit. Etiam laoreet, libero et tristique pellentesque, tellus sem mollis dui, in sodales elit erat vitae risus. Duis a mi fringilla mi lacinia mattis. Integer eu lacus. Quisque imperdiet, erat nonummy ultricies ornare, elit elit fermentum risus, at fringilla purus mauris a nunc. In at pede. Cras vulputate velit eu sem. Pellentesque ut ipsum ac mi eleifend egestas. Sed pharetra, felis eget varius ultrices, maur', 8),
(165, 7, 'laoreet, libero et tristique pellentesque, tellus sem mollis dui, in sodales elit erat vitae risus. Duis a mi fringilla mi lacinia mattis. Integer', 1),
(166, 197, 'interdum. Sed auctor odio a purus. Duis elementum, dui quis accumsan convallis, ante lectus convallis est, vitae sodales nisi magna sed dui. Fusce aliquam, enim nec tempus scelerisque, lorem ipsum sodales purus, in molestie tortor nibh sit amet orci. Ut sagittis lobortis mauris. Suspendisse aliquet molestie tellus. Aenean egestas hendrerit neque. In ornare sagittis felis. Donec tempor, est ac mattis semper, dui lectus rutrum urna, nec luctus felis purus ac tellus. Suspendisse sed dolor. Fusce mi', 4),
(167, 103, 'lacus pede sagittis augue, eu tempor erat neque non quam. Pellentesque habitant morbi tristique senectus et netus et malesuada fames ac turpis egestas. Aliquam fringilla cursus purus. Nullam scelerisque neque sed sem egestas blandit. Nam nulla magna, malesuada vel, convallis in, cursus et, eros. Proin ultrices. Duis volutpat nunc sit amet metus. Aliquam erat volutpat. Nulla facilisis. Suspendisse commodo tincidunt nibh. Phasellus nulla. Integer vulputate, risus a ultricies adipiscing, enim', 4),
(168, 155, 'massa. Suspendisse eleifend. Cras sed leo. Cras vehicula aliquet libero. Integer in magna. Phasellus dolor elit, pellentesque a, facilisis non, bibendum sed, est. Nunc laoreet lectus quis massa. Mauris vestibulum,', 1),
(169, 84, 'nascetur ridiculus mus. Donec dignissim magna a tortor. Nunc commodo auctor velit. Aliquam nisl. Nulla eu neque pellentesque massa lobortis ultrices. Vivamus rhoncus. Donec est. Nunc ullamcorper, velit in aliquet lobortis, nisi nibh lacinia', 3),
(170, 137, 'fringilla ornare placerat, orci lacus vestibulum lorem, sit amet ultricies sem magna nec quam. Curabitur vel lectus. Cum sociis natoque penatibus et magnis dis parturient montes, nascetur ridiculus mus. Donec dignissim magna a tortor. Nunc commodo auctor velit. Aliquam nisl. Nulla eu neque pellentesque massa lobortis ultrices. Vivamus rhoncus. Donec est. Nunc ullamcorper, velit in aliquet lobortis, nisi nibh lacinia orci, consectetuer euismod est arcu ac orci. Ut semper pretium neque. Morbi quis', 2),
(171, 171, 'sit amet metus. Aliquam erat volutpat. Nulla facilisis. Suspendisse commodo tincidunt nibh. Phasellus nulla. Integer vulputate, risus a ultricies adipiscing, enim mi tempor lorem, eget mollis lectus pede et risus. Quisque libero lacus, varius et, euismod et, commodo at, libero. Morbi accumsan laoreet ipsum. Curabitur consequat, lectus sit amet', 6),
(172, 175, 'ridiculus mus. Donec dignissim magna a tortor. Nunc commodo auctor velit. Aliquam nisl. Nulla eu neque pellentesque massa lobortis ultrices. Vivamus rhoncus. Donec est. Nunc ullamcorper, velit in aliquet lobortis, nisi nibh lacinia orci, consectetuer euismod est arcu ac orci. Ut semper pretium neque. Morbi quis urna. Nunc quis arcu vel quam dignissim pharetra. Nam ac nulla. In tincidunt', 2),
(173, 157, 'torquent per conubia nostra, per inceptos hymenaeos. Mauris ut quam vel sapien imperdiet ornare. In faucibus. Morbi vehicula. Pellentesque tincidunt tempus risus. Donec egestas. Duis ac arcu. Nunc mauris. Morbi non sapien molestie orci tincidunt adipiscing. Mauris molestie pharetra nibh. Aliquam ornare, libero at auctor ullamcorper, nisl arcu iaculis enim, sit amet ornare lectus justo eu arcu. Morbi sit amet massa. Quisque', 9),
(174, 106, 'vitae risus. Duis a mi fringilla mi lacinia mattis. Integer eu lacus. Quisque imperdiet, erat nonummy ultricies ornare, elit elit fermentum risus, at fringilla purus mauris a nunc.', 4),
(175, 124, 'Maecenas libero est, congue a, aliquet vel, vulputate eu, odio. Phasellus at augue id ante dictum cursus. Nunc mauris elit, dictum eu, eleifend nec, malesuada ut, sem. Nulla interdum. Curabitur dictum. Phasellus in felis. Nulla tempor augue ac ipsum. Phasellus vitae mauris sit amet lorem semper auctor. Mauris vel turpis. Aliquam adipiscing lobortis risus. In mi pede, nonummy ut, molestie in, tempus eu, ligula. Aenean euismod mauris eu elit. Nulla facilisi. Sed neque. Sed eget lacus. Mauris', 8),
(176, 152, 'pellentesque, tellus sem mollis dui, in sodales elit erat vitae risus. Duis a mi fringilla mi lacinia mattis. Integer eu lacus. Quisque imperdiet, erat nonummy ultricies ornare, elit elit fermentum risus, at fringilla purus mauris a nunc. In at pede. Cras vulputate velit eu sem. Pellentesque ut ipsum ac mi eleifend egestas. Sed pharetra, felis eget varius ultrices, mauris ipsum porta elit, a feugiat tellus lorem eu metus. In lorem. Donec elementum, lorem ut aliquam iaculis, lacus pede sagittis', 9),
(177, 27, 'auctor velit. Aliquam nisl. Nulla eu neque pellentesque massa lobortis ultrices. Vivamus rhoncus. Donec est. Nunc ullamcorper, velit in aliquet lobortis, nisi nibh lacinia orci, consectetuer euismod est arcu ac orci. Ut semper pretium neque. Morbi quis urna. Nunc quis arcu vel quam dignissim pharetra. Nam ac nulla. In tincidunt congue turpis. In condimentum. Donec at arcu. Vestibulum ante ipsum primis in faucibus orci luctus et ultrices posuere cubilia Curae; Donec tincidunt. Donec vitae erat ve', 9),
(178, 154, 'Integer vitae nibh. Donec est mauris, rhoncus id, mollis nec, cursus a, enim. Suspendisse aliquet, sem ut cursus luctus, ipsum leo elementum sem, vitae aliquam eros turpis non enim. Mauris quis turpis vitae purus gravida sagittis. Duis gravida. Praesent eu nulla at sem molestie', 4),
(179, 72, 'metus sit amet ante. Vivamus non lorem vitae odio sagittis semper. Nam tempor diam dictum sapien. Aenean massa. Integer vitae nibh. Donec est mauris, rhoncus id, mollis nec, cursus a, enim.', 5),
(180, 195, 'in magna. Phasellus dolor elit, pellentesque a, facilisis non, bibendum sed, est. Nunc laoreet lectus quis massa. Mauris vestibulum, neque sed dictum eleifend, nunc risus varius orci, in consequat enim diam', 4),
(181, 110, 'in, cursus et, eros. Proin ultrices. Duis volutpat nunc sit amet metus. Aliquam erat volutpat. Nulla facilisis. Suspendisse commodo tincidunt nibh. Phasellus nulla. Integer vulputate, risus a ultricies adipiscing, enim mi tempor lorem, eget mollis lectus pede et risus. Quisque libero lacus, varius et, euismod et, commodo at, libero. Morbi accumsan laoreet ipsum. Curabitur consequat, lectus sit amet luctus vulputate, nisi sem semper erat, in consectetuer ipsum nunc id enim. Curabitur massa. Vesti', 3),
(182, 77, 'a ultricies adipiscing, enim mi tempor lorem, eget mollis lectus pede et risus. Quisque libero lacus, varius et, euismod et, commodo at, libero. Morbi accumsan laoreet ipsum. Curabitur consequat, lectus sit amet luctus vulputate, nisi sem semper erat, in consectetuer ipsum nunc id enim. Curabitur massa. Vestibulum accumsan neque et nunc. Quisque ornare tortor at risus. Nunc ac', 6),
(183, 86, 'semper tellus id nunc interdum feugiat. Sed nec metus facilisis lorem tristique aliquet. Phasellus fermentum convallis ligula. Donec luctus aliquet odio. Etiam ligula tortor, dictum eu, placerat', 4),
(184, 114, 'ridiculus mus. Proin vel nisl. Quisque fringilla euismod enim. Etiam gravida molestie arcu. Sed eu nibh vulputate mauris sagittis placerat. Cras dictum ultricies ligula. Nullam enim. Sed nulla ante, iaculis nec, eleifend non, dapibus rutrum, justo. Praesent luctus. Curabitur egestas nunc sed libero. Proin sed turpis nec mauris blandit mattis. Cras eget nisi dictum augue malesuada malesuada. Integer id magna', 9),
(185, 198, 'erat neque non quam. Pellentesque habitant morbi tristique senectus et netus et malesuada fames ac turpis egestas. Aliquam fringilla cursus purus. Nullam scelerisque neque sed sem egestas blandit. Nam nulla magna, malesuada vel, convallis in, cursus et, eros. Proin ultrices. Duis volutpat nunc sit amet metus. Aliquam erat volutpat. Nulla facilisis. Suspendisse commodo tincidunt nibh. Phasellus nulla. Integer vulputate, risus a ultricies adipiscing, enim mi tempor lorem, eget mollis lectus pede e', 1),
(186, 109, 'arcu et pede. Nunc sed orci lobortis augue scelerisque mollis. Phasellus libero mauris, aliquam eu, accumsan sed, facilisis vitae, orci. Phasellus dapibus quam quis diam. Pellentesque habitant morbi tristique senectus et netus et malesuada fames ac turpis egestas. Fusce aliquet magna a neque. Nullam ut nisi a odio semper cursus. Integer mollis. Integer tincidunt aliquam arcu. Aliquam ultrices iaculis odio. Nam interdum enim non nisi. Aenean eget metus. In nec orci. Donec nibh. Quisque nonummy ip', 6),
(187, 109, 'eget massa. Suspendisse eleifend. Cras sed leo. Cras vehicula aliquet', 5),
(188, 103, 'lacus vestibulum lorem, sit amet ultricies sem magna nec quam. Curabitur vel lectus. Cum sociis natoque penatibus et magnis dis parturient montes, nascetur ridiculus mus. Donec dignissim magna a tortor. Nunc commodo auctor velit. Aliquam nisl. Nulla eu neque pellentesque massa lobortis ultrices. Vivamus rhoncus. Donec est. Nunc ullamcorper, velit in aliquet lobortis, nisi nibh lacinia orci, consectetuer euismod est arcu ac orci. Ut semper pretium neque. Morbi quis urna. Nunc quis arcu vel quam', 3),
(189, 149, 'Nullam nisl. Maecenas malesuada fringilla est. Mauris eu turpis. Nulla aliquet. Proin velit. Sed malesuada augue ut lacus. Nulla tincidunt, neque vitae semper egestas, urna justo faucibus lectus, a sollicitudin orci sem eget massa. Suspendisse eleifend. Cras sed leo. Cras vehicula aliquet libero. Integer in magna. Phasellus dolor elit, pellentesque a, facilisis non, bibendum sed, est. Nunc laoreet', 6),
(190, 146, 'pede. Praesent eu dui. Cum sociis natoque penatibus et magnis dis parturient montes, nascetur ridiculus mus. Aenean eget magna. Suspendisse tristique neque venenatis lacus. Etiam', 6),
(191, 170, 'libero. Proin mi. Aliquam gravida mauris ut mi. Duis risus odio, auctor vitae, aliquet nec, imperdiet nec, leo. Morbi neque tellus, imperdiet non, vestibulum nec, euismod in, dolor. Fusce feugiat. Lorem ipsum dolor sit', 8),
(192, 167, 'Curae; Phasellus ornare. Fusce mollis. Duis sit amet diam eu dolor egestas rhoncus. Proin nisl sem, consequat nec, mollis vitae, posuere at, velit. Cras lorem lorem, luctus ut,', 2),
(193, 5, 'Donec dignissim magna a tortor. Nunc commodo auctor velit. Aliquam nisl. Nulla eu neque pellentesque massa lobortis ultrices. Vivamus rhoncus. Donec est. Nunc ullamcorper, velit in aliquet lobortis, nisi nibh lacinia orci, consectetuer euismod est arcu ac orci. Ut semper pretium neque. Morbi quis urna. Nunc quis arcu vel quam dignissim pharetra. Nam ac nulla. In tincidunt congue turpis. In condimentum. Donec at arcu. Vestibulum ante ipsum primis in faucibus orci luctus et ultrices posuere cubili', 8),
(194, 88, 'semper erat, in consectetuer ipsum nunc id enim. Curabitur massa. Vestibulum accumsan neque et nunc. Quisque ornare tortor at risus. Nunc ac sem ut dolor dapibus gravida. Aliquam tincidunt, nunc ac mattis ornare, lectus ante dictum mi, ac mattis velit justo nec ante.', 9),
(195, 125, 'tincidunt congue turpis. In condimentum. Donec at arcu. Vestibulum ante ipsum primis in faucibus orci luctus et ultrices posuere cubilia Curae; Donec tincidunt. Donec vitae erat vel pede blandit congue. In scelerisque scelerisque dui. Suspendisse ac metus vitae velit egestas lacinia. Sed congue, elit sed consequat auctor, nunc nulla vulputate dui, nec tempus mauris erat eget ipsum. Suspendisse sagittis. Nullam vitae diam. Proin dolor. Nulla semper tellus id nunc interdum feugiat. Sed nec metus f', 6),
(196, 54, 'taciti sociosqu ad litora torquent per conubia nostra, per inceptos hymenaeos. Mauris ut quam vel sapien imperdiet ornare. In', 2),
(197, 86, 'id magna et ipsum cursus vestibulum. Mauris magna. Duis dignissim tempor arcu. Vestibulum ut eros non enim commodo hendrerit. Donec porttitor tellus non magna. Nam ligula elit, pretium et, rutrum non, hendrerit id, ante. Nunc mauris sapien, cursus in, hendrerit consectetuer, cursus et, magna. Praesent interdum ligula eu enim. Etiam imperdiet dictum magna. Ut tincidunt orci quis lectus. Nullam suscipit, est ac facilisis facilisis, magna tellus faucibus leo, in lobortis tellus justo sit amet nulla', 9),
(198, 93, 'vestibulum massa rutrum magna. Cras convallis convallis dolor. Quisque tincidunt pede ac urna. Ut tincidunt vehicula risus. Nulla eget metus eu erat semper rutrum. Fusce dolor quam, elementum at, egestas a, scelerisque sed, sapien. Nunc pulvinar arcu et pede. Nunc sed orci lobortis augue scelerisque mollis. Phasellus libero mauris, aliquam eu, accumsan sed, facilisis vitae, orci. Phasellus dapibus quam quis diam. Pellentesque habitant morbi tristique senectus et netus et malesuada fames ac turpi', 6),
(199, 94, 'natoque penatibus et magnis dis parturient montes, nascetur ridiculus mus. Aenean eget magna. Suspendisse tristique neque venenatis lacus. Etiam bibendum fermentum metus. Aenean sed pede nec ante blandit viverra. Donec tempus, lorem fringilla ornare', 8),
(200, 11, 'tristique aliquet. Phasellus fermentum convallis ligula. Donec luctus aliquet odio. Etiam ligula tortor,', 8),
(201, 50, 'auctor non, feugiat nec, diam. Duis mi enim, condimentum eget, volutpat ornare, facilisis eget, ipsum. Donec sollicitudin adipiscing ligula. Aenean gravida nunc sed pede. Cum sociis natoque penatibus et magnis dis parturient montes, nascetur ridiculus mus. Proin vel arcu', 6),
(202, 23, 'egestas. Sed pharetra, felis eget varius ultrices, mauris ipsum porta elit, a feugiat tellus lorem eu metus. In lorem. Donec elementum, lorem ut aliquam iaculis, lacus pede sagittis augue, eu tempor erat neque non quam. Pellentesque habitant morbi tristique senectus et netus et malesuada fames ac turpis egestas. Aliquam fringilla cursus purus. Nullam scelerisque neque sed sem egestas blandit. Nam nulla magna, malesuada vel, convallis in, cursus et, eros. Proin ultrices. Duis volutpat nunc sit am', 6),
(203, 190, 'Morbi vehicula. Pellentesque tincidunt tempus risus. Donec egestas. Duis ac arcu. Nunc mauris. Morbi non sapien molestie orci tincidunt adipiscing. Mauris molestie pharetra nibh. Aliquam ornare, libero at auctor ullamcorper, nisl arcu iaculis enim, sit amet ornare lectus justo eu arcu. Morbi sit amet massa. Quisque porttitor', 4),
(204, 76, 'est, vitae sodales nisi magna sed dui. Fusce aliquam, enim nec tempus scelerisque, lorem ipsum sodales purus, in molestie tortor nibh sit amet orci. Ut sagittis lobortis mauris. Suspendisse aliquet molestie tellus. Aenean egestas hendrerit neque. In ornare sagittis felis. Donec tempor, est ac mattis semper, dui lectus rutrum urna, nec luctus felis purus ac tellus. Suspendisse sed dolor. Fusce mi lorem, vehicula', 8),
(205, 68, 'non arcu. Vivamus sit amet risus. Donec egestas. Aliquam nec enim. Nunc ut erat. Sed nunc est, mollis non, cursus non, egestas a, dui. Cras pellentesque. Sed dictum. Proin eget odio. Aliquam vulputate ullamcorper magna. Sed eu eros. Nam consequat dolor vitae dolor. Donec fringilla. Donec feugiat metus sit amet ante. Vivamus non lorem vitae odio', 4),
(206, 147, 'Morbi sit amet massa. Quisque porttitor eros nec tellus. Nunc lectus pede, ultrices a, auctor non, feugiat nec, diam. Duis mi enim, condimentum eget, volutpat ornare, facilisis eget, ipsum. Donec sollicitudin adipiscing ligula. Aenean gravida nunc sed pede. Cum', 2),
(207, 86, 'et risus. Quisque libero lacus, varius et, euismod et, commodo at, libero. Morbi accumsan laoreet ipsum. Curabitur consequat, lectus sit amet luctus vulputate, nisi sem semper erat, in consectetuer ipsum nunc id enim. Curabitur massa. Vestibulum accumsan neque et nunc. Quisque ornare tortor at risus. Nunc ac sem ut dolor dapibus gravida. Aliquam tincidunt, nunc ac mattis ornare, lectus ante dictum mi, ac mattis velit', 2),
(208, 165, 'egestas. Fusce aliquet magna a neque. Nullam ut nisi a odio semper cursus. Integer mollis. Integer tincidunt aliquam arcu. Aliquam ultrices iaculis odio. Nam interdum', 5),
(209, 116, 'tortor. Integer aliquam adipiscing lacus. Ut nec urna et arcu imperdiet ullamcorper. Duis at lacus. Quisque purus sapien, gravida non, sollicitudin a, malesuada id, erat. Etiam vestibulum massa rutrum magna. Cras convallis convallis dolor. Quisque tincidunt pede ac urna. Ut tincidunt vehicula risus. Nulla eget metus eu erat semper rutrum. Fusce dolor quam, elementum at, egestas a, scelerisque sed, sapien. Nunc pulvinar arcu et pede. Nunc sed orci lobortis augue scelerisque mollis. Phasellus libe', 6),
(210, 88, 'non, dapibus rutrum, justo. Praesent luctus. Curabitur egestas nunc sed libero. Proin sed turpis nec mauris blandit mattis. Cras eget nisi dictum augue malesuada malesuada. Integer id magna et ipsum cursus vestibulum. Mauris magna. Duis dignissim tempor arcu.', 1),
(211, 100, 'elit, pretium et, rutrum non, hendrerit id, ante. Nunc mauris sapien, cursus in, hendrerit consectetuer, cursus et, magna. Praesent', 5),
(212, 91, 'dolor, tempus non, lacinia at, iaculis quis, pede. Praesent eu dui. Cum sociis natoque penatibus et magnis dis parturient montes, nascetur ridiculus mus. Aenean eget magna. Suspendisse tristique neque venenatis lacus. Etiam bibendum fermentum metus. Aenean sed pede nec ante blandit viverra. Donec tempus, lorem fringilla ornare placerat, orci lacus vestibulum lorem, sit amet ultricies sem magna nec quam. Curabitur vel lectus. Cum sociis natoque penatibus et magnis dis parturient montes, nascetur ', 9),
(213, 30, 'urna. Ut tincidunt vehicula risus. Nulla eget metus eu erat semper rutrum. Fusce dolor quam, elementum at, egestas a, scelerisque sed, sapien. Nunc pulvinar arcu et pede. Nunc sed orci lobortis augue scelerisque mollis. Phasellus libero mauris, aliquam eu, accumsan sed, facilisis vitae, orci. Phasellus dapibus quam quis diam. Pellentesque habitant morbi tristique senectus et netus et malesuada fames ac turpis egestas. Fusce aliquet', 4),
(214, 135, 'sem mollis dui, in sodales elit erat vitae risus. Duis a mi fringilla mi lacinia mattis. Integer eu lacus. Quisque imperdiet, erat nonummy ultricies ornare, elit elit fermentum risus, at fringilla purus mauris a nunc. In at pede. Cras vulputate velit eu sem. Pellentesque ut ipsum ac mi eleifend egestas. Sed pharetra, felis eget varius ultrices, mauris ipsum porta elit, a', 1),
(215, 170, 'justo. Proin non massa non ante bibendum ullamcorper. Duis cursus, diam at pretium aliquet, metus urna convallis erat, eget tincidunt dui augue eu tellus. Phasellus elit pede, malesuada vel, venenatis vel, faucibus id, libero. Donec consectetuer mauris id sapien. Cras dolor dolor, tempus non, lacinia at, iaculis quis, pede. Praesent eu dui. Cum sociis natoque penatibus et magnis dis parturient', 6),
(216, 29, 'vel arcu. Curabitur ut odio vel est tempor bibendum. Donec felis orci, adipiscing non, luctus sit amet, faucibus ut, nulla. Cras eu tellus eu augue porttitor interdum. Sed auctor odio a purus. Duis elementum, dui quis accumsan convallis, ante lectus convallis est, vitae sodales nisi magna sed dui. Fusce aliquam, enim nec tempus scelerisque, lorem ipsum sodales purus, in molestie tortor nibh sit amet orci. Ut sagittis lobortis mauris. Suspendisse aliquet molestie tellus. Aenean egestas hendrerit', 8),
(217, 159, 'diam. Sed diam lorem, auctor quis, tristique ac, eleifend vitae, erat. Vivamus nisi. Mauris nulla. Integer urna. Vivamus molestie dapibus ligula. Aliquam erat volutpat. Nulla dignissim. Maecenas ornare egestas ligula. Nullam feugiat placerat velit. Quisque varius. Nam porttitor scelerisque neque. Nullam nisl. Maecenas malesuada fringilla est. Mauris', 7),
(218, 183, 'cubilia Curae; Donec tincidunt. Donec vitae erat vel pede blandit congue. In scelerisque scelerisque dui. Suspendisse ac metus vitae velit egestas lacinia.', 2),
(219, 169, 'nunc risus varius orci, in consequat enim diam vel arcu. Curabitur ut odio vel est tempor bibendum. Donec felis orci, adipiscing non, luctus sit amet, faucibus ut, nulla. Cras eu tellus eu augue porttitor interdum. Sed auctor odio a purus. Duis elementum, dui quis accumsan convallis, ante lectus convallis est, vitae sodales nisi magna sed dui. Fusce aliquam, enim nec tempus scelerisque, lorem ipsum sodales', 1),
(220, 79, 'in, cursus et, eros. Proin ultrices. Duis volutpat nunc sit amet metus. Aliquam erat volutpat. Nulla facilisis. Suspendisse commodo tincidunt nibh.', 4),
(221, 78, 'Curabitur egestas nunc sed libero. Proin sed turpis nec mauris blandit mattis. Cras eget nisi dictum augue malesuada malesuada. Integer id magna et ipsum cursus vestibulum. Mauris magna. Duis dignissim tempor arcu. Vestibulum ut eros non enim', 3),
(222, 2, 'nibh. Phasellus nulla. Integer vulputate, risus a ultricies adipiscing, enim mi tempor lorem, eget mollis lectus pede et risus. Quisque libero lacus, varius et, euismod et, commodo at, libero. Morbi accumsan laoreet ipsum. Curabitur consequat, lectus', 10),
(223, 87, 'Proin velit. Sed malesuada augue ut lacus. Nulla tincidunt, neque vitae semper egestas, urna justo faucibus lectus, a sollicitudin orci sem eget', 7),
(224, 38, 'libero lacus, varius et, euismod et, commodo at, libero. Morbi accumsan laoreet ipsum. Curabitur consequat, lectus sit amet luctus vulputate, nisi sem semper erat, in consectetuer ipsum nunc id enim. Curabitur massa. Vestibulum accumsan neque et nunc. Quisque ornare tortor at risus. Nunc ac sem ut dolor dapibus gravida. Aliquam tincidunt, nunc ac mattis ornare, lectus ante dictum mi, ac mattis velit justo nec ante. Maecenas', 7),
(225, 104, 'mauris sapien, cursus in, hendrerit consectetuer, cursus et, magna. Praesent interdum ligula eu enim. Etiam imperdiet dictum magna. Ut tincidunt orci quis lectus. Nullam suscipit, est ac facilisis facilisis, magna tellus faucibus leo, in lobortis tellus justo sit amet nulla. Donec non justo. Proin non massa non ante bibendum ullamcorper. Duis cursus, diam at pretium aliquet, metus urna convallis', 10),
(226, 170, 'a ultricies adipiscing, enim mi tempor lorem, eget mollis lectus pede et risus. Quisque libero lacus,', 2),
(227, 119, 'et arcu imperdiet ullamcorper. Duis at lacus. Quisque purus sapien, gravida non, sollicitudin a, malesuada id, erat. Etiam vestibulum massa rutrum magna. Cras convallis convallis dolor. Quisque tincidunt pede ac urna. Ut tincidunt vehicula risus. Nulla eget metus eu erat semper rutrum. Fusce dolor quam, elementum at, egestas a, scelerisque sed, sapien. Nunc pulvinar arcu et pede. Nunc sed orci lobortis augue scelerisque mollis. Phasellus libero mauris, aliquam eu, accumsan sed, facilisis vitae, ', 4),
(228, 44, 'Aenean massa. Integer vitae nibh. Donec est mauris, rhoncus id, mollis nec, cursus a, enim. Suspendisse aliquet, sem ut cursus luctus, ipsum leo elementum sem, vitae aliquam eros turpis non enim. Mauris quis turpis vitae purus gravida sagittis. Duis gravida. Praesent eu nulla at sem molestie sodales. Mauris blandit enim consequat purus. Maecenas libero est, congue a, aliquet vel, vulputate eu, odio. Phasellus at augue id ante dictum cursus. Nunc mauris elit, dictum eu, eleifend nec, malesuada', 10),
(229, 70, 'nulla. In tincidunt congue turpis. In condimentum. Donec at arcu. Vestibulum ante ipsum primis in faucibus orci luctus et ultrices posuere cubilia Curae; Donec tincidunt. Donec vitae erat vel pede blandit congue. In scelerisque scelerisque dui. Suspendisse ac metus vitae velit egestas lacinia. Sed congue, elit sed consequat auctor, nunc nulla vulputate dui, nec tempus mauris erat eget ipsum. Suspendisse sagittis. Nullam vitae diam. Proin dolor. Nulla semper tellus id nunc interdum feugiat. Sed n', 4),
(230, 141, 'vel nisl. Quisque fringilla euismod enim. Etiam gravida molestie arcu. Sed eu nibh vulputate mauris sagittis placerat. Cras dictum ultricies ligula. Nullam enim. Sed nulla ante, iaculis nec, eleifend non, dapibus rutrum, justo. Praesent luctus. Curabitur egestas nunc sed libero. Proin sed turpis nec mauris blandit mattis. Cras eget nisi dictum augue', 1),
(231, 200, 'mi pede, nonummy ut, molestie in, tempus eu, ligula. Aenean euismod mauris eu elit. Nulla facilisi. Sed neque. Sed eget lacus. Mauris non dui nec urna suscipit nonummy. Fusce fermentum fermentum arcu. Vestibulum ante ipsum primis in faucibus orci luctus et ultrices posuere cubilia Curae; Phasellus ornare. Fusce mollis. Duis sit amet diam eu dolor egestas rhoncus. Proin nisl sem, consequat nec, mollis vitae, posuere at, velit. Cras lorem lorem, luctus ut, pellentesque eget,', 8),
(232, 85, 'egestas, urna justo faucibus lectus, a sollicitudin orci sem eget massa. Suspendisse eleifend.', 3),
(233, 92, 'hendrerit id, ante. Nunc mauris sapien, cursus in, hendrerit consectetuer, cursus et, magna. Praesent interdum ligula eu enim. Etiam imperdiet dictum magna. Ut tincidunt orci quis lectus. Nullam suscipit, est ac facilisis facilisis, magna tellus faucibus leo, in lobortis tellus justo sit amet nulla. Donec non justo. Proin', 9),
(234, 71, 'sed sem egestas blandit. Nam nulla magna, malesuada vel, convallis in, cursus et, eros. Proin', 9),
(235, 87, 'eu elit. Nulla facilisi. Sed neque. Sed eget lacus. Mauris non dui nec urna suscipit nonummy. Fusce fermentum fermentum arcu. Vestibulum ante ipsum primis in faucibus orci luctus et ultrices posuere cubilia Curae; Phasellus ornare. Fusce mollis. Duis sit amet diam eu dolor egestas rhoncus. Proin nisl sem, consequat nec, mollis vitae, posuere at, velit. Cras lorem lorem, luctus ut, pellentesque eget, dictum placerat, augue. Sed molestie. Sed id risus quis diam luctus lobortis. Class aptent taciti', 10),
(236, 84, 'Mauris nulla. Integer urna. Vivamus molestie dapibus ligula. Aliquam erat volutpat. Nulla dignissim. Maecenas ornare egestas ligula. Nullam feugiat placerat velit. Quisque varius. Nam porttitor scelerisque neque. Nullam nisl. Maecenas malesuada fringilla est. Mauris eu turpis. Nulla aliquet. Proin velit. Sed malesuada augue ut lacus. Nulla tincidunt, neque vitae semper egestas, urna justo faucibus lectus, a sollicitudin orci sem eget massa. Suspendisse eleifend. Cras sed leo. Cras vehicula aliqu', 5),
(237, 22, 'cursus vestibulum. Mauris magna. Duis dignissim tempor arcu. Vestibulum ut eros non enim commodo hendrerit. Donec porttitor tellus non magna. Nam ligula elit, pretium et, rutrum non, hendrerit id, ante. Nunc mauris sapien, cursus in, hendrerit consectetuer, cursus et, magna. Praesent interdum ligula eu enim. Etiam imperdiet dictum magna. Ut tincidunt orci quis lectus. Nullam suscipit, est ac facilisis facilisis, magna tellus faucibus leo, in lobortis tellus justo sit amet nulla. Donec non justo.', 8),
(238, 68, 'sit amet luctus vulputate, nisi sem semper erat, in consectetuer ipsum nunc id enim. Curabitur massa. Vestibulum accumsan neque et nunc. Quisque ornare tortor at risus. Nunc ac sem ut dolor dapibus gravida. Aliquam tincidunt, nunc ac mattis ornare, lectus ante dictum mi, ac mattis velit justo nec ante. Maecenas mi felis, adipiscing fringilla, porttitor vulputate, posuere vulputate, lacus. Cras interdum. Nunc sollicitudin commodo ipsum. Suspendisse non leo. Vivamus nibh dolor, nonummy ac, feugiat', 3),
(239, 50, 'et risus. Quisque libero lacus, varius et, euismod et, commodo at, libero. Morbi accumsan laoreet ipsum. Curabitur consequat, lectus sit amet luctus vulputate, nisi sem semper erat, in consectetuer ipsum nunc id enim. Curabitur massa. Vestibulum accumsan neque et nunc. Quisque ornare tortor at risus. Nunc ac sem ut dolor dapibus gravida. Aliquam tincidunt, nunc ac mattis ornare, lectus ante dictum mi, ac mattis velit', 9),
(240, 113, 'magna et ipsum cursus vestibulum. Mauris magna. Duis dignissim tempor arcu. Vestibulum ut eros non enim commodo hendrerit. Donec porttitor tellus non magna. Nam ligula elit, pretium et, rutrum non, hendrerit id, ante. Nunc mauris sapien, cursus in, hendrerit consectetuer, cursus et, magna. Praesent interdum ligula eu enim. Etiam imperdiet dictum magna. Ut tincidunt orci quis lectus. Nullam suscipit, est ac facilisis facilisis, magna tellus faucibus leo, in', 5),
(241, 111, 'non nisi. Aenean eget metus. In nec orci. Donec nibh. Quisque nonummy ipsum non arcu. Vivamus sit amet risus. Donec egestas. Aliquam nec enim. Nunc ut erat. Sed nunc est, mollis non, cursus non, egestas a, dui. Cras pellentesque. Sed dictum. Proin eget odio. Aliquam vulputate ullamcorper magna. Sed eu eros. Nam consequat dolor vitae dolor. Donec fringilla. Donec feugiat metus sit amet ante. Vivamus non lorem vitae odio sagittis semper. Nam tempor diam dictum sapien. Aenean massa. Integer vitae n', 3),
(242, 137, 'sed leo. Cras vehicula aliquet libero. Integer in magna. Phasellus dolor elit, pellentesque a, facilisis non, bibendum sed, est. Nunc laoreet lectus quis massa. Mauris vestibulum, neque sed dictum eleifend, nunc risus varius orci, in consequat enim diam vel arcu. Curabitur ut odio vel est tempor bibendum. Donec felis orci, adipiscing non, luctus sit amet, faucibus ut, nulla. Cras eu tellus eu augue porttitor interdum. Sed auctor', 2),
(243, 46, 'sem, consequat nec, mollis vitae, posuere at, velit. Cras lorem lorem, luctus ut, pellentesque eget, dictum placerat, augue. Sed molestie. Sed id risus quis diam luctus lobortis. Class aptent taciti sociosqu ad litora torquent per conubia nostra, per inceptos hymenaeos. Mauris ut quam vel sapien imperdiet ornare. In', 8),
(244, 128, 'ac urna. Ut tincidunt vehicula risus. Nulla eget metus eu erat semper rutrum. Fusce dolor quam, elementum at, egestas a, scelerisque sed, sapien. Nunc pulvinar arcu et pede. Nunc sed orci lobortis augue scelerisque mollis. Phasellus libero mauris, aliquam eu, accumsan sed, facilisis vitae, orci. Phasellus dapibus quam quis diam. Pellentesque', 8),
(245, 3, 'litora torquent per conubia nostra, per inceptos hymenaeos. Mauris ut quam vel sapien imperdiet ornare. In faucibus. Morbi vehicula. Pellentesque tincidunt tempus risus. Donec egestas. Duis ac arcu. Nunc mauris. Morbi', 1),
(246, 106, 'enim. Mauris quis turpis vitae purus gravida sagittis. Duis gravida. Praesent eu nulla at sem molestie sodales. Mauris blandit enim consequat purus. Maecenas libero est, congue a, aliquet vel, vulputate eu, odio. Phasellus at augue id ante dictum cursus. Nunc mauris elit, dictum eu, eleifend nec, malesuada ut, sem. Nulla interdum.', 8),
(247, 101, 'nonummy ipsum non arcu. Vivamus sit amet risus. Donec egestas. Aliquam nec enim. Nunc ut erat. Sed nunc est, mollis non, cursus non, egestas a, dui. Cras pellentesque. Sed dictum. Proin eget odio. Aliquam vulputate ullamcorper magna. Sed eu eros. Nam consequat dolor vitae dolor. Donec fringilla. Donec feugiat metus sit amet ante. Vivamus non lorem vitae odio sagittis semper. Nam tempor diam dictum sapien. Aenean', 1),
(248, 33, 'vitae risus. Duis a mi fringilla mi lacinia mattis. Integer eu lacus. Quisque imperdiet, erat nonummy ultricies ornare, elit elit fermentum risus, at fringilla purus mauris a nunc. In at pede. Cras vulputate velit eu sem. Pellentesque ut ipsum ac mi eleifend egestas. Sed pharetra, felis eget varius ultrices, mauris ipsum porta elit, a feugiat tellus lorem', 6),
(249, 164, 'In lorem. Donec elementum, lorem ut aliquam iaculis, lacus pede sagittis augue, eu tempor erat neque non quam. Pellentesque habitant morbi tristique senectus et netus et malesuada fames ac turpis egestas. Aliquam fringilla cursus purus. Nullam scelerisque neque sed sem egestas blandit. Nam nulla magna, malesuada vel, convallis in, cursus et, eros. Proin ultrices. Duis volutpat nunc sit amet metus.', 7),
(250, 191, 'In condimentum. Donec at arcu. Vestibulum ante ipsum primis in faucibus orci luctus et ultrices posuere cubilia Curae; Donec tincidunt. Donec vitae erat vel pede blandit congue. In scelerisque scelerisque dui. Suspendisse ac metus vitae velit egestas lacinia. Sed congue, elit sed consequat auctor, nunc nulla vulputate dui, nec tempus mauris erat eget ipsum. Suspendisse sagittis. Nullam vitae diam. Proin dolor. Nulla semper tellus id nunc interdum feugiat.', 6),
(251, 63, 'morbi tristique senectus et netus et malesuada fames ac turpis egestas. Aliquam fringilla cursus purus. Nullam scelerisque neque', 6),
(252, 149, 'neque et nunc. Quisque ornare tortor at risus. Nunc ac sem ut dolor dapibus gravida. Aliquam tincidunt, nunc ac mattis ornare, lectus ante dictum mi, ac', 1),
(253, 1, 'sagittis felis. Donec tempor, est ac mattis semper, dui lectus rutrum urna, nec luctus felis purus ac tellus. Suspendisse sed dolor. Fusce mi lorem, vehicula et, rutrum', 6),
(254, 98, 'sem ut cursus luctus, ipsum leo elementum sem, vitae aliquam eros turpis non enim. Mauris quis turpis vitae purus gravida sagittis. Duis gravida. Praesent eu nulla at sem molestie sodales. Mauris blandit enim consequat purus. Maecenas libero est, congue a, aliquet vel, vulputate eu, odio. Phasellus at augue id ante dictum cursus. Nunc', 8),
(255, 202, 'vel arcu. Curabitur ut odio vel est tempor bibendum. Donec', 3),
(256, 78, 'nisl sem, consequat nec, mollis vitae, posuere at, velit. Cras lorem lorem, luctus ut, pellentesque eget, dictum placerat, augue. Sed molestie. Sed id risus quis diam luctus lobortis. Class aptent taciti sociosqu ad litora torquent per conubia nostra, per inceptos hymenaeos. Mauris ut quam vel sapien imperdiet ornare. In faucibus. Morbi vehicula. Pellentesque tincidunt tempus risus. Donec egestas. Duis ac arcu. Nunc mauris. Morbi non', 8),
(257, 87, 'arcu. Sed et libero. Proin mi. Aliquam gravida mauris ut mi. Duis risus odio, auctor vitae, aliquet nec, imperdiet nec, leo. Morbi neque tellus, imperdiet non, vestibulum nec, euismod in, dolor. Fusce feugiat. Lorem ipsum dolor sit amet, consectetuer adipiscing elit. Aliquam auctor, velit eget laoreet posuere, enim nisl elementum purus, accumsan interdum libero dui', 8),
(258, 123, 'quis, pede. Praesent eu dui. Cum sociis natoque penatibus et magnis dis parturient montes, nascetur ridiculus mus. Aenean eget magna. Suspendisse tristique neque venenatis lacus. Etiam bibendum fermentum metus. Aenean sed pede nec ante blandit viverra. Donec tempus, lorem fringilla ornare placerat, orci lacus vestibulum lorem, sit amet ultricies sem magna nec quam. Curabitur vel lectus. Cum sociis natoque penatibus et magnis dis parturient montes, nascetur ridiculus mus. Donec dignissim magna a ', 9),
(259, 66, 'orci. Ut sagittis lobortis mauris. Suspendisse aliquet molestie tellus. Aenean egestas hendrerit neque. In ornare sagittis felis. Donec tempor, est ac mattis semper, dui lectus rutrum urna, nec luctus felis purus ac tellus. Suspendisse sed dolor. Fusce mi lorem, vehicula et, rutrum eu, ultrices sit amet, risus. Donec', 1),
(260, 55, 'malesuada fringilla est. Mauris eu turpis. Nulla aliquet. Proin velit. Sed malesuada augue ut lacus. Nulla tincidunt, neque vitae semper egestas, urna justo faucibus lectus, a sollicitudin orci sem eget massa. Suspendisse eleifend. Cras sed leo. Cras vehicula aliquet libero. Integer in', 3),
(261, 121, 'ligula. Nullam feugiat placerat velit. Quisque varius. Nam porttitor scelerisque neque. Nullam', 9),
(262, 157, 'fringilla, porttitor vulputate, posuere vulputate, lacus. Cras interdum. Nunc sollicitudin commodo ipsum. Suspendisse non leo. Vivamus nibh dolor, nonummy ac, feugiat non, lobortis quis, pede. Suspendisse dui. Fusce diam', 7),
(263, 95, 'tristique neque venenatis lacus. Etiam bibendum fermentum metus. Aenean sed pede nec ante blandit viverra. Donec tempus, lorem fringilla ornare placerat, orci lacus vestibulum lorem, sit amet ultricies sem magna nec quam. Curabitur vel lectus. Cum sociis natoque penatibus et magnis dis parturient montes, nascetur ridiculus mus. Donec dignissim magna a tortor. Nunc commodo auctor velit. Aliquam nisl. Nulla eu neque pellentesque massa lobortis ultrices. Vivamus rhoncus. Donec est. Nunc ullamcorper', 3),
(264, 199, 'In nec orci. Donec nibh. Quisque nonummy ipsum non arcu. Vivamus sit amet risus. Donec egestas. Aliquam nec enim. Nunc ut erat. Sed nunc est, mollis non, cursus non, egestas a, dui. Cras pellentesque. Sed dictum. Proin eget odio. Aliquam vulputate ullamcorper magna. Sed eu eros. Nam consequat dolor vitae dolor. Donec fringilla. Donec feugiat metus sit amet ante. Vivamus non lorem vitae odio sagittis semper. Nam tempor diam dictum sapien. Aenean massa. Integer vitae nibh. Donec est mauris, rhoncu', 8),
(265, 179, 'nunc sed libero. Proin sed turpis nec mauris blandit mattis. Cras eget nisi dictum augue malesuada malesuada. Integer id magna et ipsum cursus vestibulum. Mauris magna. Duis dignissim tempor', 9),
(266, 98, 'tincidunt aliquam arcu. Aliquam ultrices iaculis odio. Nam interdum enim non nisi. Aenean eget metus. In nec orci. Donec nibh. Quisque nonummy ipsum non arcu. Vivamus sit amet risus. Donec egestas. Aliquam nec enim. Nunc ut erat. Sed nunc est, mollis non, cursus non, egestas a, dui. Cras pellentesque. Sed dictum. Proin eget odio. Aliquam vulputate ullamcorper magna. Sed eu', 7),
(267, 119, 'vehicula aliquet libero. Integer in magna. Phasellus dolor elit, pellentesque a, facilisis non, bibendum sed, est. Nunc laoreet lectus quis massa. Mauris vestibulum, neque sed dictum eleifend, nunc risus', 5),
(268, 43, 'sodales. Mauris blandit enim consequat purus. Maecenas libero est, congue a, aliquet vel, vulputate eu, odio. Phasellus at augue id ante dictum cursus. Nunc mauris elit, dictum eu, eleifend nec, malesuada ut, sem. Nulla interdum. Curabitur dictum. Phasellus in felis. Nulla tempor augue ac ipsum. Phasellus vitae mauris sit amet lorem semper auctor. Mauris vel turpis. Aliquam adipiscing lobortis risus. In mi pede, nonummy ut, molestie in, tempus eu, ligula. Aenean euismod mauris eu elit. Nulla', 5),
(269, 9, 'semper erat, in consectetuer ipsum nunc id enim. Curabitur massa. Vestibulum accumsan neque et', 4),
(270, 51, 'orci. Donec nibh. Quisque nonummy ipsum non arcu. Vivamus sit amet risus. Donec egestas. Aliquam nec enim. Nunc ut erat. Sed nunc est, mollis non, cursus non, egestas a, dui. Cras pellentesque. Sed dictum. Proin eget odio. Aliquam vulputate ullamcorper magna. Sed eu eros. Nam consequat dolor vitae dolor. Donec fringilla. Donec feugiat metus sit amet ante. Vivamus non lorem vitae odio sagittis semper. Nam tempor diam dictum sapien. Aenean massa. Integer vitae nibh.', 6),
(271, 115, 'non sapien molestie orci tincidunt adipiscing. Mauris molestie pharetra nibh. Aliquam ornare, libero at auctor ullamcorper, nisl arcu iaculis enim, sit amet ornare lectus justo eu arcu. Morbi sit amet massa. Quisque porttitor eros nec tellus.', 3),
(272, 15, 'dolor, nonummy ac, feugiat non, lobortis quis, pede. Suspendisse dui. Fusce diam nunc, ullamcorper eu, euismod ac, fermentum vel, mauris. Integer sem elit, pharetra ut, pharetra sed, hendrerit a, arcu. Sed et libero. Proin mi. Aliquam gravida mauris ut mi. Duis risus odio, auctor vitae, aliquet nec, imperdiet nec, leo. Morbi neque tellus, imperdiet non, vestibulum nec, euismod in, dolor. Fusce feugiat. Lorem ipsum dolor sit amet, consectetuer adipiscing elit. Aliquam auctor, velit eget laoreet p', 8),
(273, 89, 'vitae semper egestas, urna justo faucibus lectus, a sollicitudin orci sem eget massa. Suspendisse eleifend. Cras sed leo. Cras vehicula aliquet libero. Integer in magna. Phasellus dolor elit, pellentesque a, facilisis non, bibendum sed, est. Nunc laoreet lectus quis', 2),
(274, 122, 'pellentesque. Sed dictum. Proin eget odio. Aliquam vulputate ullamcorper magna. Sed eu eros. Nam consequat dolor vitae dolor. Donec fringilla. Donec feugiat metus sit amet ante. Vivamus non lorem vitae odio sagittis semper. Nam tempor diam dictum sapien. Aenean massa. Integer vitae nibh. Donec est mauris, rhoncus id, mollis nec, cursus a, enim. Suspendisse aliquet, sem ut cursus luctus, ipsum leo elementum sem, vitae aliquam eros turpis non enim. Mauris quis turpis vitae purus gravida sagittis. ', 8),
(275, 7, 'Praesent eu dui. Cum sociis natoque penatibus et magnis dis parturient montes, nascetur ridiculus mus. Aenean eget magna. Suspendisse tristique neque venenatis lacus. Etiam bibendum fermentum metus. Aenean sed pede nec ante blandit viverra. Donec tempus, lorem fringilla ornare placerat, orci lacus vestibulum lorem, sit amet ultricies sem magna', 9),
(276, 109, 'arcu. Vestibulum ante ipsum primis in faucibus orci luctus et ultrices posuere cubilia Curae;', 6),
(277, 172, 'a purus. Duis elementum, dui quis accumsan convallis, ante lectus convallis est, vitae sodales nisi magna sed dui. Fusce aliquam, enim nec tempus scelerisque, lorem ipsum sodales purus, in molestie tortor nibh sit amet orci. Ut sagittis lobortis mauris. Suspendisse aliquet molestie tellus. Aenean egestas hendrerit', 3),
(278, 2, 'Aliquam erat volutpat. Nulla facilisis. Suspendisse commodo tincidunt nibh. Phasellus nulla. Integer vulputate, risus a ultricies adipiscing, enim mi tempor lorem, eget mollis lectus pede et risus. Quisque libero lacus, varius et, euismod et, commodo at, libero. Morbi accumsan laoreet ipsum. Curabitur consequat, lectus sit amet', 2);
INSERT INTO `review` (`id`, `uId`, `reviewText`, `rating`) VALUES
(279, 44, 'malesuada fames ac turpis egestas. Aliquam fringilla cursus purus. Nullam scelerisque neque sed sem egestas blandit. Nam nulla magna, malesuada vel, convallis in, cursus et, eros. Proin ultrices. Duis volutpat nunc sit amet metus. Aliquam erat volutpat. Nulla facilisis. Suspendisse commodo tincidunt nibh. Phasellus nulla. Integer vulputate, risus a ultricies adipiscing, enim mi tempor lorem, eget mollis lectus pede et risus. Quisque libero lacus, varius et, euismod et, commodo at, libero. Morbi ', 6),
(280, 112, 'sit amet ultricies sem magna nec quam. Curabitur vel lectus. Cum sociis natoque penatibus et magnis dis parturient montes, nascetur ridiculus mus. Donec dignissim magna a tortor. Nunc commodo auctor velit. Aliquam nisl. Nulla eu neque pellentesque massa lobortis ultrices. Vivamus rhoncus. Donec', 4),
(281, 74, 'lorem, luctus ut, pellentesque eget, dictum placerat, augue. Sed molestie. Sed id risus quis diam luctus lobortis. Class aptent taciti sociosqu ad litora torquent per conubia nostra, per inceptos hymenaeos. Mauris ut quam vel sapien imperdiet ornare. In faucibus. Morbi vehicula. Pellentesque tincidunt tempus risus. Donec egestas. Duis ac arcu. Nunc mauris. Morbi', 2),
(282, 29, 'justo. Proin non massa non ante bibendum ullamcorper. Duis cursus, diam at pretium aliquet, metus urna convallis erat, eget tincidunt dui augue eu tellus. Phasellus elit pede, malesuada vel, venenatis vel, faucibus id, libero. Donec consectetuer mauris id sapien. Cras dolor dolor, tempus non, lacinia at, iaculis quis, pede. Praesent eu dui. Cum sociis natoque penatibus et magnis dis parturient montes, nascetur ridiculus mus. Aenean eget magna. Suspendisse tristique neque venenatis lacus. Etiam b', 4),
(283, 120, 'Ut semper pretium neque. Morbi quis urna. Nunc quis arcu vel quam dignissim pharetra. Nam ac nulla. In tincidunt congue turpis. In condimentum. Donec at arcu. Vestibulum ante ipsum primis in faucibus orci luctus et ultrices posuere cubilia Curae; Donec tincidunt. Donec vitae erat vel pede blandit congue. In scelerisque scelerisque dui.', 2),
(284, 79, 'et magnis dis parturient montes, nascetur ridiculus mus. Aenean eget magna. Suspendisse tristique neque venenatis lacus. Etiam bibendum fermentum metus. Aenean sed pede nec ante blandit viverra. Donec tempus, lorem fringilla ornare placerat, orci lacus vestibulum lorem, sit amet ultricies sem magna nec quam. Curabitur vel lectus. Cum sociis natoque penatibus et magnis dis parturient montes, nascetur ridiculus mus. Donec dignissim magna a tortor. Nunc commodo auctor velit. Aliquam nisl. Nulla eu', 1),
(285, 155, 'arcu. Sed eu nibh vulputate mauris sagittis placerat. Cras dictum ultricies ligula. Nullam enim. Sed nulla ante,', 1),
(286, 132, 'lorem ac risus. Morbi metus. Vivamus euismod urna. Nullam lobortis quam a felis ullamcorper viverra. Maecenas iaculis aliquet diam. Sed diam lorem, auctor quis, tristique ac, eleifend vitae, erat. Vivamus nisi. Mauris nulla. Integer urna. Vivamus molestie dapibus ligula. Aliquam erat volutpat. Nulla dignissim. Maecenas ornare egestas ligula. Nullam feugiat placerat velit. Quisque varius. Nam porttitor scelerisque neque. Nullam nisl. Maecenas malesuada fringilla est. Mauris', 5),
(287, 47, 'iaculis aliquet diam. Sed diam lorem, auctor quis, tristique ac, eleifend vitae, erat. Vivamus nisi. Mauris', 7),
(288, 17, 'mattis. Integer eu lacus. Quisque imperdiet, erat nonummy ultricies ornare, elit elit fermentum risus, at fringilla purus mauris a nunc. In at pede. Cras vulputate velit eu sem. Pellentesque ut ipsum ac mi eleifend egestas. Sed pharetra, felis eget', 6),
(289, 21, 'Nulla facilisis. Suspendisse commodo tincidunt nibh. Phasellus nulla. Integer vulputate, risus a ultricies adipiscing, enim mi tempor lorem, eget mollis lectus pede et risus. Quisque libero lacus, varius et, euismod et, commodo at, libero. Morbi accumsan laoreet ipsum. Curabitur consequat, lectus sit amet luctus vulputate, nisi sem semper erat, in consectetuer ipsum nunc id enim. Curabitur massa. Vestibulum accumsan neque et nunc. Quisque ornare tortor at risus. Nunc', 7),
(290, 161, 'pellentesque, tellus sem mollis dui, in sodales elit erat vitae risus. Duis a mi fringilla mi lacinia mattis. Integer eu lacus. Quisque imperdiet, erat nonummy ultricies ornare, elit elit fermentum risus, at fringilla purus mauris a nunc. In', 7),
(291, 157, 'ipsum sodales purus, in molestie tortor nibh sit amet orci. Ut sagittis lobortis mauris. Suspendisse aliquet molestie tellus. Aenean egestas hendrerit neque. In ornare sagittis felis. Donec tempor, est ac mattis semper, dui lectus rutrum urna, nec luctus felis purus ac tellus. Suspendisse sed dolor. Fusce mi lorem, vehicula et, rutrum eu,', 3),
(292, 66, 'quis lectus. Nullam suscipit, est ac facilisis facilisis, magna tellus faucibus leo, in lobortis tellus justo sit amet nulla. Donec non justo. Proin non massa non ante bibendum ullamcorper. Duis cursus, diam at pretium aliquet, metus urna convallis erat, eget tincidunt dui augue eu tellus. Phasellus elit pede, malesuada vel, venenatis vel, faucibus id, libero. Donec consectetuer mauris id sapien. Cras dolor dolor, tempus non, lacinia at, iaculis quis, pede. Praesent eu dui. Cum sociis natoque pe', 9),
(293, 77, 'eu turpis. Nulla aliquet. Proin velit. Sed malesuada augue ut lacus. Nulla tincidunt, neque vitae semper egestas, urna justo faucibus lectus, a sollicitudin orci sem eget massa. Suspendisse eleifend. Cras sed leo. Cras vehicula aliquet libero. Integer in magna. Phasellus dolor elit, pellentesque a, facilisis non, bibendum', 4),
(294, 66, 'a purus. Duis elementum, dui quis accumsan convallis, ante lectus convallis est, vitae sodales nisi magna sed dui. Fusce aliquam, enim nec tempus scelerisque, lorem ipsum sodales purus, in molestie tortor nibh sit amet orci. Ut sagittis lobortis mauris. Suspendisse aliquet molestie tellus. Aenean egestas hendrerit neque. In ornare sagittis felis. Donec tempor, est ac mattis semper, dui lectus rutrum urna, nec luctus felis purus ac tellus. Suspendisse sed dolor. Fusce mi lorem, vehicula et, rutru', 5),
(295, 76, 'magna tellus faucibus leo, in lobortis tellus justo sit amet nulla. Donec non justo. Proin non massa non ante bibendum ullamcorper. Duis cursus, diam at pretium aliquet,', 10),
(296, 165, 'pretium et, rutrum non, hendrerit id, ante. Nunc mauris sapien, cursus in, hendrerit consectetuer, cursus et, magna. Praesent interdum ligula eu enim. Etiam imperdiet dictum magna. Ut tincidunt orci quis lectus. Nullam suscipit, est ac facilisis facilisis, magna', 9),
(297, 43, 'quis diam. Pellentesque habitant morbi tristique senectus et netus et malesuada fames ac turpis egestas. Fusce aliquet magna a neque. Nullam ut nisi a odio semper cursus. Integer mollis. Integer tincidunt aliquam arcu. Aliquam ultrices iaculis odio. Nam interdum enim non nisi. Aenean eget metus. In nec orci. Donec nibh. Quisque nonummy ipsum non arcu. Vivamus sit amet risus. Donec egestas. Aliquam nec enim. Nunc ut erat. Sed nunc est, mollis non, cursus non, egestas a, dui. Cras pellentesque. Se', 9),
(298, 185, 'tempus scelerisque, lorem ipsum sodales purus, in molestie tortor nibh sit amet orci. Ut sagittis lobortis mauris. Suspendisse aliquet molestie tellus. Aenean egestas hendrerit neque. In ornare sagittis felis. Donec tempor, est ac mattis semper, dui lectus rutrum urna, nec luctus felis purus ac tellus. Suspendisse sed dolor. Fusce mi lorem, vehicula et, rutrum eu, ultrices sit amet, risus. Donec nibh enim, gravida sit amet, dapibus id, blandit at, nisi. Cum sociis natoque penatibus et magnis dis', 6),
(299, 171, 'dolor sit amet, consectetuer adipiscing elit. Etiam laoreet, libero et tristique pellentesque, tellus sem mollis dui, in sodales elit erat vitae risus. Duis a mi fringilla mi lacinia mattis. Integer eu lacus. Quisque imperdiet, erat', 8),
(300, 137, 'nisi. Mauris nulla. Integer urna. Vivamus molestie dapibus ligula. Aliquam erat volutpat. Nulla dignissim. Maecenas ornare egestas ligula. Nullam', 4),
(301, 173, 'tristique senectus et netus et malesuada fames ac turpis egestas. Fusce aliquet magna a neque. Nullam ut nisi a odio semper cursus. Integer mollis. Integer tincidunt aliquam arcu. Aliquam ultrices iaculis odio. Nam interdum enim non nisi. Aenean eget metus. In nec orci. Donec nibh. Quisque nonummy ipsum non arcu. Vivamus sit amet', 8),
(302, 45, 'ullamcorper. Duis cursus, diam at pretium aliquet, metus urna convallis erat, eget tincidunt dui augue eu tellus. Phasellus elit pede, malesuada vel, venenatis vel, faucibus id, libero. Donec consectetuer mauris id sapien. Cras dolor dolor, tempus non, lacinia at, iaculis quis, pede. Praesent eu dui. Cum sociis natoque penatibus et magnis dis parturient montes, nascetur ridiculus mus. Aenean eget magna. Suspendisse tristique neque venenatis lacus. Etiam bibendum fermentum metus. Aenean sed pede', 1),
(303, 1, 'sdfsafasf', 1),
(310, 2, 'dsfasfasdfasf', 2),
(314, 1, 'asdasd', 1),
(317, 3, 'sadas', 3);

-- --------------------------------------------------------

--
-- Table structure for table `reviewToMovie`
--

CREATE TABLE IF NOT EXISTS `reviewToMovie` (
  `reviewId` int(11) NOT NULL,
  `movieId` int(11) NOT NULL
) ENGINE=InnoDB DEFAULT CHARSET=latin1;

--
-- Dumping data for table `reviewToMovie`
--

INSERT INTO `reviewToMovie` (`reviewId`, `movieId`) VALUES
(1, 1),
(2, 1),
(81, 1),
(281, 2),
(295, 2),
(219, 3),
(260, 3),
(155, 4),
(283, 4),
(97, 5),
(158, 5),
(217, 5),
(213, 6),
(110, 7),
(202, 7),
(103, 8),
(50, 9),
(163, 9),
(94, 10),
(166, 12),
(237, 12),
(294, 12),
(127, 13),
(143, 15),
(148, 15),
(160, 15),
(123, 18),
(125, 18),
(10, 19),
(209, 19),
(274, 20),
(43, 21),
(149, 21),
(24, 23),
(75, 23),
(183, 23),
(299, 23),
(3, 25),
(63, 25),
(87, 25),
(109, 25),
(179, 25),
(230, 25),
(57, 27),
(100, 27),
(29, 28),
(137, 28),
(140, 28),
(145, 28),
(71, 29),
(99, 29),
(74, 31),
(180, 31),
(72, 32),
(23, 33),
(118, 33),
(28, 36),
(272, 36),
(150, 37),
(168, 37),
(116, 38),
(102, 40),
(255, 40),
(154, 41),
(181, 41),
(64, 42),
(197, 42),
(238, 43),
(216, 44),
(262, 44),
(85, 46),
(136, 46),
(298, 46),
(173, 48),
(122, 50),
(245, 50),
(108, 51),
(222, 52),
(147, 54),
(204, 55),
(61, 56),
(95, 56),
(223, 56),
(287, 56),
(9, 58),
(89, 58),
(49, 61),
(165, 61),
(271, 61),
(280, 62),
(17, 63),
(187, 63),
(220, 64),
(229, 65),
(67, 66),
(198, 66),
(45, 67),
(172, 67),
(31, 68),
(83, 69),
(30, 70),
(113, 70),
(47, 71),
(214, 71),
(231, 71),
(26, 73),
(296, 74),
(105, 75),
(115, 75),
(259, 75),
(185, 76),
(208, 76),
(174, 77),
(192, 77),
(169, 79),
(195, 79),
(232, 79),
(77, 80),
(252, 81),
(292, 81),
(240, 83),
(261, 83),
(200, 84),
(288, 84),
(62, 85),
(205, 85),
(111, 86),
(171, 86),
(188, 86),
(130, 88),
(201, 89),
(249, 89),
(117, 91),
(186, 91),
(42, 93),
(79, 93),
(126, 93),
(157, 93),
(301, 93),
(36, 94),
(128, 94),
(267, 94),
(176, 95),
(170, 96),
(8, 97),
(191, 97),
(257, 98),
(134, 100),
(4, 101),
(73, 101),
(290, 101),
(34, 102),
(161, 102),
(178, 102),
(91, 103),
(265, 103),
(44, 104),
(86, 104),
(194, 106),
(39, 109),
(153, 109),
(6, 110),
(236, 110),
(138, 111),
(190, 111),
(233, 111),
(277, 111),
(84, 112),
(82, 114),
(182, 114),
(189, 114),
(106, 115),
(276, 115),
(7, 117),
(92, 117),
(196, 117),
(251, 117),
(273, 117),
(141, 118),
(142, 118),
(206, 118),
(297, 118),
(215, 119),
(14, 121),
(52, 121),
(162, 122),
(246, 122),
(278, 122),
(5, 123),
(152, 123),
(37, 124),
(53, 124),
(66, 124),
(139, 124),
(12, 125),
(243, 126),
(293, 126),
(101, 127),
(112, 127),
(19, 128),
(59, 128),
(210, 128),
(21, 130),
(120, 130),
(133, 132),
(167, 132),
(242, 132),
(80, 133),
(131, 136),
(241, 136),
(132, 137),
(69, 138),
(239, 138),
(156, 139),
(46, 140),
(119, 144),
(107, 146),
(18, 147),
(177, 147),
(225, 147),
(121, 148),
(211, 149),
(65, 150),
(88, 150),
(221, 150),
(104, 151),
(212, 151),
(27, 152),
(54, 152),
(270, 152),
(68, 155),
(124, 155),
(207, 155),
(303, 155),
(253, 156),
(256, 156),
(93, 157),
(48, 158),
(135, 158),
(226, 158),
(129, 159),
(15, 160),
(60, 160),
(199, 160),
(266, 160),
(269, 161),
(286, 161),
(56, 164),
(40, 165),
(151, 166),
(175, 166),
(247, 167),
(250, 167),
(33, 169),
(98, 169),
(218, 169),
(289, 171),
(224, 172),
(11, 173),
(203, 175),
(22, 176),
(291, 176),
(35, 177),
(279, 177),
(25, 179),
(41, 179),
(76, 179),
(184, 179),
(275, 179),
(96, 182),
(234, 182),
(193, 183),
(302, 183),
(16, 186),
(244, 186),
(13, 187),
(58, 187),
(114, 187),
(144, 187),
(227, 187),
(235, 187),
(254, 188),
(90, 189),
(164, 189),
(285, 189),
(146, 191),
(159, 192),
(20, 193),
(78, 194),
(282, 194),
(300, 195),
(284, 197),
(268, 198),
(228, 199),
(248, 199),
(264, 199),
(38, 200),
(70, 200),
(263, 200),
(32, 201),
(51, 201),
(258, 201),
(55, 202);

-- --------------------------------------------------------

--
-- Table structure for table `showtime`
--

CREATE TABLE IF NOT EXISTS `showtime` (
  `theaterId` int(11) NOT NULL DEFAULT '0',
  `showtime` datetime NOT NULL DEFAULT '0000-00-00 00:00:00',
  `movie` int(11) DEFAULT NULL,
  `availableSeats` int(11) DEFAULT NULL
) ENGINE=InnoDB DEFAULT CHARSET=latin1;

--
-- Dumping data for table `showtime`
--

INSERT INTO `showtime` (`theaterId`, `showtime`, `movie`, `availableSeats`) VALUES
(1, '2018-05-09 04:19:34', 89, 25),
(1, '2018-06-02 12:34:13', 124, 25),
(1, '2018-06-16 03:59:19', 102, 25),
(1, '2018-06-18 10:31:06', 48, 25),
(1, '2018-07-22 00:00:00', 1, 25),
(2, '2018-05-14 22:33:14', 37, 25),
(2, '2018-06-16 19:30:31', 19, 25),
(2, '2018-06-21 08:15:38', 43, 25),
(2, '2018-08-31 15:10:00', 5, 25),
(3, '2018-05-19 04:33:30', 151, 25),
(3, '2018-05-31 09:41:13', 125, 25),
(3, '2018-06-08 08:17:02', 66, 25),
(3, '2018-07-24 02:40:13', 91, 25),
(3, '2018-08-02 05:13:23', 195, 25),
(3, '2018-08-13 00:46:37', 88, 25),
(4, '2018-06-13 03:10:39', 132, 25),
(4, '2018-08-10 03:57:56', 143, 25),
(4, '2018-08-28 20:11:23', 8, 25),
(5, '2018-07-29 14:53:20', 26, 22),
(5, '2018-07-31 07:57:54', 155, 25),
(6, '2018-05-14 06:28:55', 171, 25),
(6, '2018-05-20 03:26:23', 18, 25),
(6, '2018-06-20 05:37:39', 133, 25),
(6, '2018-07-12 11:40:32', 25, 25),
(6, '2018-07-19 01:11:54', 133, 25),
(6, '2018-08-22 11:11:53', 102, 25),
(6, '2018-08-23 19:08:13', 40, 25),
(7, '2018-07-07 05:45:47', 135, 25),
(7, '2018-08-13 09:10:19', 143, 25),
(7, '2018-08-30 23:55:58', 155, 25),
(8, '2018-05-07 20:31:28', 198, 25),
(8, '2018-05-27 17:44:52', 43, 25),
(8, '2018-06-12 08:19:12', 110, 25),
(8, '2018-07-06 03:31:26', 57, 25),
(8, '2018-07-20 06:33:56', 54, 25),
(9, '2018-05-24 16:49:38', 49, 25),
(9, '2018-06-14 13:10:38', 202, 25),
(9, '2018-06-17 11:31:51', 24, 25),
(9, '2018-06-26 14:09:20', 54, 25),
(9, '2018-08-11 06:31:51', 193, 25),
(10, '2018-05-05 10:45:44', 119, 25),
(10, '2018-05-07 09:57:56', 83, 25),
(10, '2018-07-08 11:36:22', 172, 25),
(10, '2018-07-19 04:08:37', 98, 25),
(10, '2018-07-27 03:14:16', 22, 0),
(10, '2018-08-26 14:13:55', 7, 25),
(10, '2018-08-31 00:48:11', 136, 25),
(11, '2018-05-16 05:37:27', 65, 25),
(11, '2018-05-21 21:12:21', 121, 25),
(11, '2018-06-21 01:23:03', 108, 25),
(11, '2018-06-25 06:13:38', 177, 25),
(11, '2018-07-31 12:46:09', 27, 25),
(11, '2018-08-10 16:26:18', 97, 25),
(11, '2018-08-19 16:39:14', 21, 25),
(11, '2018-08-20 10:43:16', 188, 25),
(12, '2018-05-12 14:50:11', 129, 25),
(12, '2018-05-12 23:48:36', 103, 25),
(12, '2018-05-17 15:02:26', 135, 25),
(12, '2018-07-01 07:11:37', 105, 25),
(12, '2018-07-13 13:15:38', 85, 25),
(12, '2018-08-03 09:13:31', 125, 25),
(12, '2018-08-04 23:56:50', 78, 25),
(12, '2018-08-08 13:50:53', 199, 25),
(12, '2018-08-15 01:43:36', 108, 25),
(13, '2018-06-05 15:30:00', 196, 25),
(13, '2018-07-26 23:22:02', 64, 25),
(14, '2018-05-14 17:43:09', 46, 25),
(14, '2018-05-31 04:31:49', 108, 25),
(14, '2018-07-08 05:26:34', 106, 25),
(14, '2018-07-31 11:43:36', 57, 25),
(14, '2018-08-19 22:40:27', 193, 25),
(14, '2018-08-27 13:09:59', 175, 25),
(14, '2018-08-27 22:36:45', 138, 25),
(15, '2018-05-01 21:39:21', 186, 25),
(15, '2018-05-27 13:34:15', 167, 25),
(15, '2018-07-07 02:02:54', 154, 25),
(15, '2018-08-23 06:39:51', 201, 25),
(16, '2018-05-20 11:42:06', 52, 25),
(16, '2018-06-01 21:27:58', 106, 25),
(16, '2018-08-07 05:34:03', 181, 25),
(16, '2018-08-28 23:47:39', 191, 25),
(17, '2018-05-05 08:59:12', 94, 25),
(17, '2018-06-30 23:43:00', 170, 25),
(17, '2018-07-07 02:57:07', 39, 25),
(17, '2018-07-20 17:57:32', 38, 25),
(17, '2018-07-24 11:32:12', 124, 25),
(17, '2018-07-25 20:42:51', 76, 25),
(17, '2018-08-19 20:16:36', 183, 25),
(18, '2018-05-19 03:40:07', 72, 25),
(18, '2018-05-19 16:45:25', 103, 25),
(18, '2018-06-23 04:52:17', 163, 25),
(19, '2018-06-23 04:53:24', 136, 25),
(19, '2018-07-02 04:49:46', 139, 25),
(19, '2018-07-29 05:58:11', 40, 25),
(19, '2018-08-10 02:33:09', 12, 25),
(19, '2018-08-19 00:37:43', 85, 25),
(19, '2018-08-26 03:29:10', 71, 25),
(20, '2018-06-12 13:00:54', 13, 25),
(20, '2018-06-30 23:34:30', 36, 25),
(20, '2018-07-14 11:47:51', 42, 25),
(20, '2018-08-26 20:21:19', 119, 25);

-- --------------------------------------------------------

--
-- Table structure for table `theater`
--

CREATE TABLE IF NOT EXISTS `theater` (
  `id` int(11) NOT NULL,
  `capacity` int(11) DEFAULT NULL
) ENGINE=InnoDB AUTO_INCREMENT=22 DEFAULT CHARSET=latin1;

--
-- Dumping data for table `theater`
--

INSERT INTO `theater` (`id`, `capacity`) VALUES
(1, 25),
(2, 25),
(3, 25),
(4, 25),
(5, 25),
(6, 25),
(7, 25),
(8, 25),
(9, 25),
(10, 25),
(11, 25),
(12, 25),
(13, 25),
(14, 25),
(15, 25),
(16, 25),
(17, 25),
(18, 25),
(19, 25),
(20, 25),
(21, 25);

-- --------------------------------------------------------

--
-- Table structure for table `user`
--

CREATE TABLE IF NOT EXISTS `user` (
  `id` int(11) NOT NULL,
  `uName` varchar(20) DEFAULT NULL,
  `password` varchar(50) DEFAULT NULL,
  `isAdmin` tinyint(1) DEFAULT NULL
) ENGINE=InnoDB AUTO_INCREMENT=203 DEFAULT CHARSET=latin1;

--
-- Dumping data for table `user`
--

INSERT INTO `user` (`id`, `uName`, `password`, `isAdmin`) VALUES
(1, 'eric', 'aaaaa', 0),
(2, 'jbice', 'bbbbb', 0),
(3, 'Amanda', 'mi', 0),
(4, 'Clinton', 'Praesent', 0),
(5, 'Gray', 'in', 0),
(6, 'Stewart', 'ullamcorper.', 0),
(7, 'Kylan', 'gravida', 0),
(8, 'Dai', 'gravida', 0),
(9, 'Catherine', 'eleifend', 0),
(10, 'Ezekiel', 'a', 0),
(11, 'Shaine', 'ultrices.', 0),
(12, 'Jelani', 'lectus', 0),
(13, 'Orla', 'cursus.', 0),
(14, 'Dana', 'Donec', 0),
(15, 'Devin', 'torquent', 0),
(16, 'Nadine', 'ut', 0),
(17, 'Prescott', 'Duis', 0),
(18, 'Ulric', 'ligula.', 0),
(19, 'Hannah', 'Cras', 0),
(20, 'Haviva', 'dolor.', 0),
(21, 'Yael', 'magna.', 0),
(22, 'Maxwell', 'Praesent', 0),
(23, 'Ava', 'Quisque', 0),
(24, 'Ryder', 'egestas.', 0),
(25, 'Serina', 'id,', 0),
(26, 'Megan', 'Nunc', 0),
(27, 'Demetrius', 'ac', 0),
(28, 'Dillon', 'elit.', 0),
(29, 'Mark', 'Lorem', 0),
(30, 'Dominique', 'Cras', 0),
(31, 'Hasad', 'Donec', 0),
(32, 'Lee', 'eros.', 0),
(33, 'Jason', 'Etiam', 0),
(34, 'Ethan', 'ipsum', 0),
(35, 'Rafael', 'dolor', 0),
(36, 'Isaac', 'lobortis', 0),
(37, 'Echo', 'nec', 0),
(38, 'Salvador', 'conubia', 0),
(39, 'Jack', 'vel,', 0),
(40, 'Avram', 'Morbi', 0),
(41, 'Oliver', 'Donec', 0),
(42, 'Kai', 'Morbi', 0),
(43, 'Valentine', 'euismod', 0),
(44, 'Colorado', 'non,', 0),
(45, 'Hedley', 'sed', 0),
(46, 'Linus', 'Maecenas', 0),
(47, 'Jasper', 'sit', 0),
(48, 'Ishmael', 'mi', 0),
(49, 'Scarlett', 'ridiculus', 0),
(50, 'Dacey', 'sed,', 0),
(51, 'Keith', 'pede,', 0),
(52, 'Octavia', 'est.', 0),
(53, 'Jillian', 'mauris', 0),
(54, 'Kamal', 'adipiscing', 0),
(55, 'Stewart', 'Nunc', 0),
(56, 'Zena', 'Quisque', 0),
(57, 'Kalia', 'ultrices', 0),
(58, 'Simon', 'Nunc', 0),
(59, 'Knox', 'semper', 0),
(60, 'Pearl', 'augue', 0),
(61, 'Claire', 'sed', 0),
(62, 'Raphael', 'vel', 0),
(63, 'Octavius', 'Quisque', 0),
(64, 'Kylan', 'facilisis', 0),
(65, 'Uriah', 'neque', 0),
(66, 'August', 'blandit', 0),
(67, 'Mechelle', 'facilisi.', 0),
(68, 'Halla', 'et', 0),
(69, 'Allegra', 'malesuada.', 0),
(70, 'Anjolie', 'nec,', 0),
(71, 'Rajah', 'neque', 0),
(72, 'Oren', 'est', 0),
(73, 'Rashad', 'in', 0),
(74, 'Jared', 'nec', 0),
(75, 'Grace', 'magna.', 0),
(76, 'Ifeoma', 'tincidunt', 0),
(77, 'Ainsley', 'quam.', 0),
(78, 'Coby', 'Pellentesque', 0),
(79, 'Kelly', 'venenatis', 0),
(80, 'Raya', 'Nunc', 0),
(81, 'Yuri', 'semper,', 0),
(82, 'Oprah', 'id,', 0),
(83, 'Bevis', 'Cras', 0),
(84, 'Merritt', 'commodo', 0),
(85, 'Jared', 'turpis', 0),
(86, 'Ethan', 'sapien.', 0),
(87, 'Shelly', 'et', 0),
(88, 'Gary', 'orci.', 0),
(89, 'Abraham', 'mauris.', 0),
(90, 'Alexis', 'dolor.', 0),
(91, 'Sybill', 'Quisque', 0),
(92, 'Serena', 'ligula.', 0),
(93, 'Jonas', 'porttitor', 0),
(94, 'Wang', 'bibendum', 0),
(95, 'Claire', 'nibh.', 0),
(96, 'Edan', 'iaculis', 0),
(97, 'Lawrence', 'Nam', 0),
(98, 'Anika', 'Aliquam', 0),
(99, 'Allen', 'nulla', 0),
(100, 'Adele', 'Quisque', 0),
(101, 'Caesar', 'magna.', 0),
(102, 'Jason', 'purus.', 0),
(103, 'Yvette', 'sit', 0),
(104, 'Kim', 'penatibus', 0),
(105, 'Brian', 'libero', 0),
(106, 'Jael', 'sit', 0),
(107, 'Gavin', 'quam', 0),
(108, 'Armando', 'In', 0),
(109, 'Lillian', 'sagittis', 0),
(110, 'Kato', 'commodo', 0),
(111, 'Rebekah', 'lectus', 0),
(112, 'Nolan', 'enim.', 0),
(113, 'Hedley', 'sem.', 0),
(114, 'Ronan', 'Proin', 0),
(115, 'August', 'Curae;', 0),
(116, 'Silas', 'cubilia', 0),
(117, 'Tarik', 'a', 0),
(118, 'Harding', 'lectus', 0),
(119, 'Xaviera', 'luctus', 0),
(120, 'Raja', 'metus', 0),
(121, 'Emerald', 'pede', 0),
(122, 'Merritt', 'Donec', 0),
(123, 'Hoyt', 'tincidunt', 0),
(124, 'Cynthia', 'ut', 0),
(125, 'Yuri', 'lorem,', 0),
(126, 'Alexander', 'nunc', 0),
(127, 'Merritt', 'Morbi', 0),
(128, 'Hanae', 'Cras', 0),
(129, 'Odette', 'at', 0),
(130, 'Madison', 'sagittis.', 0),
(131, 'Cole', 'netus', 0),
(132, 'Basil', 'fermentum', 0),
(133, 'Angelica', 'Aenean', 0),
(134, 'Karleigh', 'Cras', 0),
(135, 'Xanthus', 'tempus', 0),
(136, 'Adrian', 'ac', 0),
(137, 'Kasper', 'ac,', 0),
(138, 'Meghan', 'congue.', 0),
(139, 'Melvin', 'arcu.', 0),
(140, 'Kimberley', 'semper', 0),
(141, 'Dominic', 'sem', 0),
(142, 'Quemby', 'odio', 0),
(143, 'Wing', 'elementum', 0),
(144, 'Gannon', 'commodo', 0),
(145, 'Jesse', 'Nunc', 0),
(146, 'Colton', 'Curae;', 0),
(147, 'Alfonso', 'volutpat.', 0),
(148, 'Kelly', 'eros', 0),
(149, 'Jesse', 'enim', 0),
(150, 'Lavinia', 'lacus.', 0),
(151, 'Erasmus', 'tempus', 0),
(152, 'Yolanda', 'risus', 0),
(153, 'Jena', 'feugiat.', 0),
(154, 'Caryn', 'sit', 0),
(155, 'Demetria', 'erat', 0),
(156, 'Chaim', 'dignissim', 0),
(157, 'Caesar', 'felis', 0),
(158, 'Quynn', 'elit.', 0),
(159, 'Erich', 'lorem,', 0),
(160, 'Derek', 'arcu', 0),
(161, 'Joel', 'ac,', 0),
(162, 'Uriel', 'Nunc', 0),
(163, 'Lillian', 'elit.', 0),
(164, 'Velma', 'cursus', 0),
(165, 'Cade', 'In', 0),
(166, 'Callie', 'Nam', 0),
(167, 'Flavia', 'urna.', 0),
(168, 'Kareem', 'dui,', 0),
(169, 'Haviva', 'dui', 0),
(170, 'Melissa', 'vel', 0),
(171, 'Amal', 'neque', 0),
(172, 'Preston', 'Donec', 0),
(173, 'Mia', 'ut,', 0),
(174, 'Mercedes', 'sodales', 0),
(175, 'Caryn', 'Cum', 0),
(176, 'Emerald', 'In', 0),
(177, 'Edan', 'dignissim.', 0),
(178, 'Abra', 'dui.', 0),
(179, 'Arsenio', 'nulla', 0),
(180, 'Emerson', 'Quisque', 0),
(181, 'Ruby', 'est.', 0),
(182, 'Wynne', 'libero.', 0),
(183, 'Emery', 'nec,', 0),
(184, 'Sonia', 'magna.', 0),
(185, 'Bruno', 'erat', 0),
(186, 'Claire', 'pharetra,', 0),
(187, 'Jelani', 'diam.', 0),
(188, 'Simone', 'a', 0),
(189, 'Zeph', 'risus.', 0),
(190, 'Cara', 'non', 0),
(191, 'Chava', 'lacus', 0),
(192, 'Fatima', 'rutrum', 0),
(193, 'Tanner', 'enim.', 0),
(194, 'Aubrey', 'scelerisque,', 0),
(195, 'Adara', 'mauris.', 0),
(196, 'Leilani', 'Donec', 0),
(197, 'Dillon', 'lectus', 0),
(198, 'Zenia', 'Phasellus', 0),
(199, 'Maggy', 'mollis.', 0),
(200, 'Eden', 'sociis', 0),
(201, 'Nasim', 'urna.', 0),
(202, 'Jordan', 'risus.', 0);

--
-- Indexes for dumped tables
--

--
-- Indexes for table `actor`
--
ALTER TABLE `actor`
  ADD PRIMARY KEY (`id`);

--
-- Indexes for table `actorToMovie`
--
ALTER TABLE `actorToMovie`
  ADD PRIMARY KEY (`movieId`,`actorId`),
  ADD KEY `FK_actor` (`actorId`);

--
-- Indexes for table `director`
--
ALTER TABLE `director`
  ADD PRIMARY KEY (`id`);

--
-- Indexes for table `directorToMovie`
--
ALTER TABLE `directorToMovie`
  ADD PRIMARY KEY (`movieId`) USING BTREE,
  ADD KEY `FK_director` (`directorId`);

--
-- Indexes for table `movies`
--
ALTER TABLE `movies`
  ADD PRIMARY KEY (`id`);

--
-- Indexes for table `review`
--
ALTER TABLE `review`
  ADD PRIMARY KEY (`id`),
  ADD KEY `uId` (`uId`);

--
-- Indexes for table `reviewToMovie`
--
ALTER TABLE `reviewToMovie`
  ADD PRIMARY KEY (`reviewId`),
  ADD KEY `movieId` (`movieId`);

--
-- Indexes for table `showtime`
--
ALTER TABLE `showtime`
  ADD PRIMARY KEY (`theaterId`,`showtime`),
  ADD KEY `FK_movieShowtime` (`movie`);

--
-- Indexes for table `theater`
--
ALTER TABLE `theater`
  ADD PRIMARY KEY (`id`);

--
-- Indexes for table `user`
--
ALTER TABLE `user`
  ADD PRIMARY KEY (`id`);

--
-- AUTO_INCREMENT for dumped tables
--

--
-- AUTO_INCREMENT for table `actor`
--
ALTER TABLE `actor`
  MODIFY `id` int(11) NOT NULL AUTO_INCREMENT,AUTO_INCREMENT=503;
--
-- AUTO_INCREMENT for table `director`
--
ALTER TABLE `director`
  MODIFY `id` int(11) NOT NULL AUTO_INCREMENT,AUTO_INCREMENT=202;
--
-- AUTO_INCREMENT for table `movies`
--
ALTER TABLE `movies`
  MODIFY `id` int(11) NOT NULL AUTO_INCREMENT,AUTO_INCREMENT=203;
--
-- AUTO_INCREMENT for table `review`
--
ALTER TABLE `review`
  MODIFY `id` int(11) NOT NULL AUTO_INCREMENT,AUTO_INCREMENT=319;
--
-- AUTO_INCREMENT for table `theater`
--
ALTER TABLE `theater`
  MODIFY `id` int(11) NOT NULL AUTO_INCREMENT,AUTO_INCREMENT=22;
--
-- AUTO_INCREMENT for table `user`
--
ALTER TABLE `user`
  MODIFY `id` int(11) NOT NULL AUTO_INCREMENT,AUTO_INCREMENT=203;
--
-- Constraints for dumped tables
--

--
-- Constraints for table `actorToMovie`
--
ALTER TABLE `actorToMovie`
  ADD CONSTRAINT `FK_actor` FOREIGN KEY (`actorId`) REFERENCES `actor` (`id`),
  ADD CONSTRAINT `FK_movie` FOREIGN KEY (`movieId`) REFERENCES `movies` (`id`);

--
-- Constraints for table `directorToMovie`
--
ALTER TABLE `directorToMovie`
  ADD CONSTRAINT `FK_director` FOREIGN KEY (`directorId`) REFERENCES `director` (`id`),
  ADD CONSTRAINT `FK_movie2` FOREIGN KEY (`movieId`) REFERENCES `movies` (`id`);

--
-- Constraints for table `review`
--
ALTER TABLE `review`
  ADD CONSTRAINT `review_ibfk_1` FOREIGN KEY (`uId`) REFERENCES `user` (`id`);

--
-- Constraints for table `reviewToMovie`
--
ALTER TABLE `reviewToMovie`
  ADD CONSTRAINT `reviewtomovie_ibfk_1` FOREIGN KEY (`reviewId`) REFERENCES `review` (`id`),
  ADD CONSTRAINT `reviewtomovie_ibfk_2` FOREIGN KEY (`movieId`) REFERENCES `movies` (`id`);

--
-- Constraints for table `showtime`
--
ALTER TABLE `showtime`
  ADD CONSTRAINT `FK_movieShowtime` FOREIGN KEY (`movie`) REFERENCES `movies` (`id`);

/*!40101 SET CHARACTER_SET_CLIENT=@OLD_CHARACTER_SET_CLIENT */;
/*!40101 SET CHARACTER_SET_RESULTS=@OLD_CHARACTER_SET_RESULTS */;
/*!40101 SET COLLATION_CONNECTION=@OLD_COLLATION_CONNECTION */;
